DATAFLOW,AREA_REF,FREQ,INDICADOR,ECO,TIME_PERIOD,OBS_VALUE,OBS_STATUS,DECIMALS,UNIDAD,MULT
CL01:DF_IR_RAMA(1.0),_T,M,IR,C,2016-M01,98.14,,1,RT,0
CL01:DF_IR_RAMA(1.0),_T,M,IR,D,2016-M01,99.89,,1,RT,0
CL01:DF_IR_RAMA(1.0),_T,M,IR,E,2016-M01,98.22,,1,RT,0
CL01:DF_IR_RAMA(1.0),_T,M,IR,F,2016-M01,97.61,,1,RT,0
CL01:DF_IR_RAMA(1.0),_T,M,IR,G,2016-M01,98.53,,1,RT,0
CL01:DF_IR_RAMA(1.0),_T,M,IR,H,2016-M01,98.38,,1,RT,0
CL01:DF_IR_RAMA(1.0),_T,M,IR,I,2016-M01,99.03,,1,RT,0
CL01:DF_IR_RAMA(1.0),_T,M,IR,J,2016-M01,100.91,,1,RT,0
CL01:DF_IR_RAMA(1.0),_T,M,IR,K,2016-M01,98.42,,1,RT,0
CL01:DF_IR_RAMA(1.0),_T,M,IR,L,2016-M01,101.45,,1,RT,0
CL01:DF_IR_RAMA(1.0),_T,M,IR,M,2016-M01,98.7,,1,RT,0
CL01:DF_IR_RAMA(1.0),_T,M,IR,N,2016-M01,99.74,,1,RT,0
CL01:DF_IR_RAMA(1.0),_T,M,IR,O,2016-M01,98.54,,1,RT,0
CL01:DF_IR_RAMA(1.0),_T,M,IR,P,2016-M01,100.22,,1,RT,0
CL01:DF_IR_RAMA(1.0),_T,M,IR,Q,2016-M01,98.76,,1,RT,0
CL01:DF_IR_RAMA(1.0),_T,M,IR,R,2016-M01,99.48,,1,RT,0
CL01:DF_IR_RAMA(1.0),_T,M,IR,C,2016-M02,97.75,,1,RT,0
CL01:DF_IR_RAMA(1.0),_T,M,IR,D,2016-M02,101.35,,1,RT,0
CL01:DF_IR_RAMA(1.0),_T,M,IR,E,2016-M02,97.56,,1,RT,0
CL01:DF_IR_RAMA(1.0),_T,M,IR,F,2016-M02,98.65,,1,RT,0
CL01:DF_IR_RAMA(1.0),_T,M,IR,G,2016-M02,97.54,,1,RT,0
CL01:DF_IR_RAMA(1.0),_T,M,IR,H,2016-M02,97.71,,1,RT,0
CL01:DF_IR_RAMA(1.0),_T,M,IR,I,2016-M02,97.96,,1,RT,0
CL01:DF_IR_RAMA(1.0),_T,M,IR,J,2016-M02,98.63,,1,RT,0
CL01:DF_IR_RAMA(1.0),_T,M,IR,K,2016-M02,98.04,,1,RT,0
CL01:DF_IR_RAMA(1.0),_T,M,IR,L,2016-M02,98.95,,1,RT,0
CL01:DF_IR_RAMA(1.0),_T,M,IR,M,2016-M02,98.5,,1,RT,0
CL01:DF_IR_RAMA(1.0),_T,M,IR,N,2016-M02,99.83,,1,RT,0
CL01:DF_IR_RAMA(1.0),_T,M,IR,O,2016-M02,98.08,,1,RT,0
CL01:DF_IR_RAMA(1.0),_T,M,IR,P,2016-M02,97.57,,1,RT,0
CL01:DF_IR_RAMA(1.0),_T,M,IR,Q,2016-M02,97.69,,1,RT,0
CL01:DF_IR_RAMA(1.0),_T,M,IR,R,2016-M02,100.04,,1,RT,0
CL01:DF_IR_RAMA(1.0),_T,M,IR,C,2016-M03,100.32,,1,RT,0
CL01:DF_IR_RAMA(1.0),_T,M,IR,D,2016-M03,100.54,,1,RT,0
CL01:DF_IR_RAMA(1.0),_T,M,IR,E,2016-M03,97.95,,1,RT,0
CL01:DF_IR_RAMA(1.0),_T,M,IR,F,2016-M03,99.81,,1,RT,0
CL01:DF_IR_RAMA(1.0),_T,M,IR,G,2016-M03,99.24,,1,RT,0
CL01:DF_IR_RAMA(1.0),_T,M,IR,H,2016-M03,99.07,,1,RT,0
CL01:DF_IR_RAMA(1.0),_T,M,IR,I,2016-M03,99.41,,1,RT,0
CL01:DF_IR_RAMA(1.0),_T,M,IR,J,2016-M03,99.87,,1,RT,0
CL01:DF_IR_RAMA(1.0),_T,M,IR,K,2016-M03,99.15,,1,RT,0
CL01:DF_IR_RAMA(1.0),_T,M,IR,L,2016-M03,97.88,,1,RT,0
CL01:DF_IR_RAMA(1.0),_T,M,IR,M,2016-M03,99.26,,1,RT,0
CL01:DF_IR_RAMA(1.0),_T,M,IR,N,2016-M03,100.71,,1,RT,0
CL01:DF_IR_RAMA(1.0),_T,M,IR,O,2016-M03,99.51,,1,RT,0
CL01:DF_IR_RAMA(1.0),_T,M,IR,P,2016-M03,98.21,,1,RT,0
CL01:DF_IR_RAMA(1.0),_T,M,IR,Q,2016-M03,98.39,,1,RT,0
CL01:DF_IR_RAMA(1.0),_T,M,IR,R,2016-M03,99.85,,1,RT,0
CL01:DF_IR_RAMA(1.0),_T,M,IR,C,2016-M04,100.17,,1,RT,0
CL01:DF_IR_RAMA(1.0),_T,M,IR,D,2016-M04,101.38,,1,RT,0
CL01:DF_IR_RAMA(1.0),_T,M,IR,E,2016-M04,98.81,,1,RT,0
CL01:DF_IR_RAMA(1.0),_T,M,IR,F,2016-M04,99.26,,1,RT,0
CL01:DF_IR_RAMA(1.0),_T,M,IR,G,2016-M04,100.04,,1,RT,0
CL01:DF_IR_RAMA(1.0),_T,M,IR,H,2016-M04,98.42,,1,RT,0
CL01:DF_IR_RAMA(1.0),_T,M,IR,I,2016-M04,98.42,,1,RT,0
CL01:DF_IR_RAMA(1.0),_T,M,IR,J,2016-M04,99.63,,1,RT,0
CL01:DF_IR_RAMA(1.0),_T,M,IR,K,2016-M04,99.25,,1,RT,0
CL01:DF_IR_RAMA(1.0),_T,M,IR,L,2016-M04,99.11,,1,RT,0
CL01:DF_IR_RAMA(1.0),_T,M,IR,M,2016-M04,100.48,,1,RT,0
CL01:DF_IR_RAMA(1.0),_T,M,IR,N,2016-M04,99.16,,1,RT,0
CL01:DF_IR_RAMA(1.0),_T,M,IR,O,2016-M04,98.57,,1,RT,0
CL01:DF_IR_RAMA(1.0),_T,M,IR,P,2016-M04,99.1,,1,RT,0
CL01:DF_IR_RAMA(1.0),_T,M,IR,Q,2016-M04,99.05,,1,RT,0
CL01:DF_IR_RAMA(1.0),_T,M,IR,R,2016-M04,98.36,,1,RT,0
CL01:DF_IR_RAMA(1.0),_T,M,IR,C,2016-M05,99.81,,1,RT,0
CL01:DF_IR_RAMA(1.0),_T,M,IR,D,2016-M05,100.64,,1,RT,0
CL01:DF_IR_RAMA(1.0),_T,M,IR,E,2016-M05,98.59,,1,RT,0
CL01:DF_IR_RAMA(1.0),_T,M,IR,F,2016-M05,99.91,,1,RT,0
CL01:DF_IR_RAMA(1.0),_T,M,IR,G,2016-M05,98.05,,1,RT,0
CL01:DF_IR_RAMA(1.0),_T,M,IR,H,2016-M05,98.74,,1,RT,0
CL01:DF_IR_RAMA(1.0),_T,M,IR,I,2016-M05,98.38,,1,RT,0
CL01:DF_IR_RAMA(1.0),_T,M,IR,J,2016-M05,99.3,,1,RT,0
CL01:DF_IR_RAMA(1.0),_T,M,IR,K,2016-M05,99.49,,1,RT,0
CL01:DF_IR_RAMA(1.0),_T,M,IR,L,2016-M05,97.75,,1,RT,0
CL01:DF_IR_RAMA(1.0),_T,M,IR,M,2016-M05,100.27,,1,RT,0
CL01:DF_IR_RAMA(1.0),_T,M,IR,N,2016-M05,99.73,,1,RT,0
CL01:DF_IR_RAMA(1.0),_T,M,IR,O,2016-M05,98.61,,1,RT,0
CL01:DF_IR_RAMA(1.0),_T,M,IR,P,2016-M05,99.4,,1,RT,0
CL01:DF_IR_RAMA(1.0),_T,M,IR,Q,2016-M05,98.62,,1,RT,0
CL01:DF_IR_RAMA(1.0),_T,M,IR,R,2016-M05,99.63,,1,RT,0
CL01:DF_IR_RAMA(1.0),_T,M,IR,C,2016-M06,99.33,,1,RT,0
CL01:DF_IR_RAMA(1.0),_T,M,IR,D,2016-M06,100.76,,1,RT,0
CL01:DF_IR_RAMA(1.0),_T,M,IR,E,2016-M06,100.08,,1,RT,0
CL01:DF_IR_RAMA(1.0),_T,M,IR,F,2016-M06,99.75,,1,RT,0
CL01:DF_IR_RAMA(1.0),_T,M,IR,G,2016-M06,98.45,,1,RT,0
CL01:DF_IR_RAMA(1.0),_T,M,IR,H,2016-M06,98.78,,1,RT,0
CL01:DF_IR_RAMA(1.0),_T,M,IR,I,2016-M06,97.54,,1,RT,0
CL01:DF_IR_RAMA(1.0),_T,M,IR,J,2016-M06,100,,1,RT,0
CL01:DF_IR_RAMA(1.0),_T,M,IR,K,2016-M06,100.09,,1,RT,0
CL01:DF_IR_RAMA(1.0),_T,M,IR,L,2016-M06,98.73,,1,RT,0
CL01:DF_IR_RAMA(1.0),_T,M,IR,M,2016-M06,101.32,,1,RT,0
CL01:DF_IR_RAMA(1.0),_T,M,IR,N,2016-M06,97.99,,1,RT,0
CL01:DF_IR_RAMA(1.0),_T,M,IR,O,2016-M06,100.45,,1,RT,0
CL01:DF_IR_RAMA(1.0),_T,M,IR,P,2016-M06,99.57,,1,RT,0
CL01:DF_IR_RAMA(1.0),_T,M,IR,Q,2016-M06,98.82,,1,RT,0
CL01:DF_IR_RAMA(1.0),_T,M,IR,R,2016-M06,99.73,,1,RT,0
CL01:DF_IR_RAMA(1.0),_T,M,IR,C,2016-M07,100.17,,1,RT,0
CL01:DF_IR_RAMA(1.0),_T,M,IR,D,2016-M07,99.75,,1,RT,0
CL01:DF_IR_RAMA(1.0),_T,M,IR,E,2016-M07,100.66,,1,RT,0
CL01:DF_IR_RAMA(1.0),_T,M,IR,F,2016-M07,100.39,,1,RT,0
CL01:DF_IR_RAMA(1.0),_T,M,IR,G,2016-M07,99.96,,1,RT,0
CL01:DF_IR_RAMA(1.0),_T,M,IR,H,2016-M07,99.78,,1,RT,0
CL01:DF_IR_RAMA(1.0),_T,M,IR,I,2016-M07,99.86,,1,RT,0
CL01:DF_IR_RAMA(1.0),_T,M,IR,J,2016-M07,100.66,,1,RT,0
CL01:DF_IR_RAMA(1.0),_T,M,IR,K,2016-M07,100.33,,1,RT,0
CL01:DF_IR_RAMA(1.0),_T,M,IR,L,2016-M07,100.66,,1,RT,0
CL01:DF_IR_RAMA(1.0),_T,M,IR,M,2016-M07,98.94,,1,RT,0
CL01:DF_IR_RAMA(1.0),_T,M,IR,N,2016-M07,99.71,,1,RT,0
CL01:DF_IR_RAMA(1.0),_T,M,IR,O,2016-M07,99.27,,1,RT,0
CL01:DF_IR_RAMA(1.0),_T,M,IR,P,2016-M07,99.66,,1,RT,0
CL01:DF_IR_RAMA(1.0),_T,M,IR,Q,2016-M07,100.63,,1,RT,0
CL01:DF_IR_RAMA(1.0),_T,M,IR,R,2016-M07,99.78,,1,RT,0
CL01:DF_IR_RAMA(1.0),_T,M,IR,C,2016-M08,99.35,,1,RT,0
CL01:DF_IR_RAMA(1.0),_T,M,IR,D,2016-M08,99.08,,1,RT,0
CL01:DF_IR_RAMA(1.0),_T,M,IR,E,2016-M08,100.89,,1,RT,0
CL01:DF_IR_RAMA(1.0),_T,M,IR,F,2016-M08,99.71,,1,RT,0
CL01:DF_IR_RAMA(1.0),_T,M,IR,G,2016-M08,100.43,,1,RT,0
CL01:DF_IR_RAMA(1.0),_T,M,IR,H,2016-M08,101.7,,1,RT,0
CL01:DF_IR_RAMA(1.0),_T,M,IR,I,2016-M08,100.01,,1,RT,0
CL01:DF_IR_RAMA(1.0),_T,M,IR,J,2016-M08,100.5,,1,RT,0
CL01:DF_IR_RAMA(1.0),_T,M,IR,K,2016-M08,99.73,,1,RT,0
CL01:DF_IR_RAMA(1.0),_T,M,IR,L,2016-M08,101.08,,1,RT,0
CL01:DF_IR_RAMA(1.0),_T,M,IR,M,2016-M08,99.47,,1,RT,0
CL01:DF_IR_RAMA(1.0),_T,M,IR,N,2016-M08,99.26,,1,RT,0
CL01:DF_IR_RAMA(1.0),_T,M,IR,O,2016-M08,99.79,,1,RT,0
CL01:DF_IR_RAMA(1.0),_T,M,IR,P,2016-M08,100.51,,1,RT,0
CL01:DF_IR_RAMA(1.0),_T,M,IR,Q,2016-M08,100.06,,1,RT,0
CL01:DF_IR_RAMA(1.0),_T,M,IR,R,2016-M08,98.62,,1,RT,0
CL01:DF_IR_RAMA(1.0),_T,M,IR,C,2016-M09,100.58,,1,RT,0
CL01:DF_IR_RAMA(1.0),_T,M,IR,D,2016-M09,99.4,,1,RT,0
CL01:DF_IR_RAMA(1.0),_T,M,IR,E,2016-M09,101.94,,1,RT,0
CL01:DF_IR_RAMA(1.0),_T,M,IR,F,2016-M09,100.54,,1,RT,0
CL01:DF_IR_RAMA(1.0),_T,M,IR,G,2016-M09,101.82,,1,RT,0
CL01:DF_IR_RAMA(1.0),_T,M,IR,H,2016-M09,100.48,,1,RT,0
CL01:DF_IR_RAMA(1.0),_T,M,IR,I,2016-M09,102.05,,1,RT,0
CL01:DF_IR_RAMA(1.0),_T,M,IR,J,2016-M09,100.14,,1,RT,0
CL01:DF_IR_RAMA(1.0),_T,M,IR,K,2016-M09,101.22,,1,RT,0
CL01:DF_IR_RAMA(1.0),_T,M,IR,L,2016-M09,100.79,,1,RT,0
CL01:DF_IR_RAMA(1.0),_T,M,IR,M,2016-M09,100.33,,1,RT,0
CL01:DF_IR_RAMA(1.0),_T,M,IR,N,2016-M09,100,,1,RT,0
CL01:DF_IR_RAMA(1.0),_T,M,IR,O,2016-M09,101.19,,1,RT,0
CL01:DF_IR_RAMA(1.0),_T,M,IR,P,2016-M09,101.05,,1,RT,0
CL01:DF_IR_RAMA(1.0),_T,M,IR,Q,2016-M09,100.85,,1,RT,0
CL01:DF_IR_RAMA(1.0),_T,M,IR,R,2016-M09,101.38,,1,RT,0
CL01:DF_IR_RAMA(1.0),_T,M,IR,C,2016-M10,101.28,,1,RT,0
CL01:DF_IR_RAMA(1.0),_T,M,IR,D,2016-M10,98.83,,1,RT,0
CL01:DF_IR_RAMA(1.0),_T,M,IR,E,2016-M10,101.79,,1,RT,0
CL01:DF_IR_RAMA(1.0),_T,M,IR,F,2016-M10,100.78,,1,RT,0
CL01:DF_IR_RAMA(1.0),_T,M,IR,G,2016-M10,101.42,,1,RT,0
CL01:DF_IR_RAMA(1.0),_T,M,IR,H,2016-M10,101.31,,1,RT,0
CL01:DF_IR_RAMA(1.0),_T,M,IR,I,2016-M10,101.46,,1,RT,0
CL01:DF_IR_RAMA(1.0),_T,M,IR,J,2016-M10,100.22,,1,RT,0
CL01:DF_IR_RAMA(1.0),_T,M,IR,K,2016-M10,100.56,,1,RT,0
CL01:DF_IR_RAMA(1.0),_T,M,IR,L,2016-M10,100,,1,RT,0
CL01:DF_IR_RAMA(1.0),_T,M,IR,M,2016-M10,100.18,,1,RT,0
CL01:DF_IR_RAMA(1.0),_T,M,IR,N,2016-M10,101.03,,1,RT,0
CL01:DF_IR_RAMA(1.0),_T,M,IR,O,2016-M10,100.36,,1,RT,0
CL01:DF_IR_RAMA(1.0),_T,M,IR,P,2016-M10,100.44,,1,RT,0
CL01:DF_IR_RAMA(1.0),_T,M,IR,Q,2016-M10,101.48,,1,RT,0
CL01:DF_IR_RAMA(1.0),_T,M,IR,R,2016-M10,100.36,,1,RT,0
CL01:DF_IR_RAMA(1.0),_T,M,IR,C,2016-M11,101.06,,1,RT,0
CL01:DF_IR_RAMA(1.0),_T,M,IR,D,2016-M11,99.3,,1,RT,0
CL01:DF_IR_RAMA(1.0),_T,M,IR,E,2016-M11,101.79,,1,RT,0
CL01:DF_IR_RAMA(1.0),_T,M,IR,F,2016-M11,101.75,,1,RT,0
CL01:DF_IR_RAMA(1.0),_T,M,IR,G,2016-M11,101.3,,1,RT,0
CL01:DF_IR_RAMA(1.0),_T,M,IR,H,2016-M11,102.37,,1,RT,0
CL01:DF_IR_RAMA(1.0),_T,M,IR,I,2016-M11,102.42,,1,RT,0
CL01:DF_IR_RAMA(1.0),_T,M,IR,J,2016-M11,100.07,,1,RT,0
CL01:DF_IR_RAMA(1.0),_T,M,IR,K,2016-M11,101.25,,1,RT,0
CL01:DF_IR_RAMA(1.0),_T,M,IR,L,2016-M11,101.31,,1,RT,0
CL01:DF_IR_RAMA(1.0),_T,M,IR,M,2016-M11,100.82,,1,RT,0
CL01:DF_IR_RAMA(1.0),_T,M,IR,N,2016-M11,101.43,,1,RT,0
CL01:DF_IR_RAMA(1.0),_T,M,IR,O,2016-M11,100.49,,1,RT,0
CL01:DF_IR_RAMA(1.0),_T,M,IR,P,2016-M11,100.56,,1,RT,0
CL01:DF_IR_RAMA(1.0),_T,M,IR,Q,2016-M11,102.02,,1,RT,0
CL01:DF_IR_RAMA(1.0),_T,M,IR,R,2016-M11,100.21,,1,RT,0
CL01:DF_IR_RAMA(1.0),_T,M,IR,C,2016-M12,102.04,,1,RT,0
CL01:DF_IR_RAMA(1.0),_T,M,IR,D,2016-M12,99.09,,1,RT,0
CL01:DF_IR_RAMA(1.0),_T,M,IR,E,2016-M12,101.72,,1,RT,0
CL01:DF_IR_RAMA(1.0),_T,M,IR,F,2016-M12,101.84,,1,RT,0
CL01:DF_IR_RAMA(1.0),_T,M,IR,G,2016-M12,103.21,,1,RT,0
CL01:DF_IR_RAMA(1.0),_T,M,IR,H,2016-M12,103.26,,1,RT,0
CL01:DF_IR_RAMA(1.0),_T,M,IR,I,2016-M12,103.47,,1,RT,0
CL01:DF_IR_RAMA(1.0),_T,M,IR,J,2016-M12,100.07,,1,RT,0
CL01:DF_IR_RAMA(1.0),_T,M,IR,K,2016-M12,102.48,,1,RT,0
CL01:DF_IR_RAMA(1.0),_T,M,IR,L,2016-M12,102.29,,1,RT,0
CL01:DF_IR_RAMA(1.0),_T,M,IR,M,2016-M12,101.72,,1,RT,0
CL01:DF_IR_RAMA(1.0),_T,M,IR,N,2016-M12,101.43,,1,RT,0
CL01:DF_IR_RAMA(1.0),_T,M,IR,O,2016-M12,105.14,,1,RT,0
CL01:DF_IR_RAMA(1.0),_T,M,IR,P,2016-M12,103.71,,1,RT,0
CL01:DF_IR_RAMA(1.0),_T,M,IR,Q,2016-M12,103.63,,1,RT,0
CL01:DF_IR_RAMA(1.0),_T,M,IR,R,2016-M12,102.56,,1,RT,0
CL01:DF_IR_RAMA(1.0),_T,M,IR,C,2017-M01,103.25,,1,RT,0
CL01:DF_IR_RAMA(1.0),_T,M,IR,D,2017-M01,102.34,,1,RT,0
CL01:DF_IR_RAMA(1.0),_T,M,IR,E,2017-M01,103.81,,1,RT,0
CL01:DF_IR_RAMA(1.0),_T,M,IR,F,2017-M01,103.21,,1,RT,0
CL01:DF_IR_RAMA(1.0),_T,M,IR,G,2017-M01,104.37,,1,RT,0
CL01:DF_IR_RAMA(1.0),_T,M,IR,H,2017-M01,101.95,,1,RT,0
CL01:DF_IR_RAMA(1.0),_T,M,IR,I,2017-M01,104.82,,1,RT,0
CL01:DF_IR_RAMA(1.0),_T,M,IR,J,2017-M01,102.89,,1,RT,0
CL01:DF_IR_RAMA(1.0),_T,M,IR,K,2017-M01,103.6,,1,RT,0
CL01:DF_IR_RAMA(1.0),_T,M,IR,L,2017-M01,105.4,,1,RT,0
CL01:DF_IR_RAMA(1.0),_T,M,IR,M,2017-M01,103.25,,1,RT,0
CL01:DF_IR_RAMA(1.0),_T,M,IR,N,2017-M01,102.02,,1,RT,0
CL01:DF_IR_RAMA(1.0),_T,M,IR,O,2017-M01,106.79,,1,RT,0
CL01:DF_IR_RAMA(1.0),_T,M,IR,P,2017-M01,104.84,,1,RT,0
CL01:DF_IR_RAMA(1.0),_T,M,IR,Q,2017-M01,106.01,,1,RT,0
CL01:DF_IR_RAMA(1.0),_T,M,IR,R,2017-M01,101.21,,1,RT,0
CL01:DF_IR_RAMA(1.0),_T,M,IR,C,2017-M02,102.78,,1,RT,0
CL01:DF_IR_RAMA(1.0),_T,M,IR,D,2017-M02,102.16,,1,RT,0
CL01:DF_IR_RAMA(1.0),_T,M,IR,E,2017-M02,104.46,,1,RT,0
CL01:DF_IR_RAMA(1.0),_T,M,IR,F,2017-M02,103.9,,1,RT,0
CL01:DF_IR_RAMA(1.0),_T,M,IR,G,2017-M02,103.17,,1,RT,0
CL01:DF_IR_RAMA(1.0),_T,M,IR,H,2017-M02,102.73,,1,RT,0
CL01:DF_IR_RAMA(1.0),_T,M,IR,I,2017-M02,105.17,,1,RT,0
CL01:DF_IR_RAMA(1.0),_T,M,IR,J,2017-M02,101.25,,1,RT,0
CL01:DF_IR_RAMA(1.0),_T,M,IR,K,2017-M02,102.87,,1,RT,0
CL01:DF_IR_RAMA(1.0),_T,M,IR,L,2017-M02,105.7,,1,RT,0
CL01:DF_IR_RAMA(1.0),_T,M,IR,M,2017-M02,102.98,,1,RT,0
CL01:DF_IR_RAMA(1.0),_T,M,IR,N,2017-M02,102.36,,1,RT,0
CL01:DF_IR_RAMA(1.0),_T,M,IR,O,2017-M02,107.04,,1,RT,0
CL01:DF_IR_RAMA(1.0),_T,M,IR,P,2017-M02,105.13,,1,RT,0
CL01:DF_IR_RAMA(1.0),_T,M,IR,Q,2017-M02,104.19,,1,RT,0
CL01:DF_IR_RAMA(1.0),_T,M,IR,R,2017-M02,100.77,,1,RT,0
CL01:DF_IR_RAMA(1.0),_T,M,IR,C,2017-M03,103.64,,1,RT,0
CL01:DF_IR_RAMA(1.0),_T,M,IR,D,2017-M03,103.58,,1,RT,0
CL01:DF_IR_RAMA(1.0),_T,M,IR,E,2017-M03,105.31,,1,RT,0
CL01:DF_IR_RAMA(1.0),_T,M,IR,F,2017-M03,104.72,,1,RT,0
CL01:DF_IR_RAMA(1.0),_T,M,IR,G,2017-M03,103.93,,1,RT,0
CL01:DF_IR_RAMA(1.0),_T,M,IR,H,2017-M03,102.72,,1,RT,0
CL01:DF_IR_RAMA(1.0),_T,M,IR,I,2017-M03,105.38,,1,RT,0
CL01:DF_IR_RAMA(1.0),_T,M,IR,J,2017-M03,103.38,,1,RT,0
CL01:DF_IR_RAMA(1.0),_T,M,IR,K,2017-M03,103.2,,1,RT,0
CL01:DF_IR_RAMA(1.0),_T,M,IR,L,2017-M03,109.17,,1,RT,0
CL01:DF_IR_RAMA(1.0),_T,M,IR,M,2017-M03,104.51,,1,RT,0
CL01:DF_IR_RAMA(1.0),_T,M,IR,N,2017-M03,101.98,,1,RT,0
CL01:DF_IR_RAMA(1.0),_T,M,IR,O,2017-M03,108.08,,1,RT,0
CL01:DF_IR_RAMA(1.0),_T,M,IR,P,2017-M03,104.3,,1,RT,0
CL01:DF_IR_RAMA(1.0),_T,M,IR,Q,2017-M03,103.62,,1,RT,0
CL01:DF_IR_RAMA(1.0),_T,M,IR,R,2017-M03,102.74,,1,RT,0
CL01:DF_IR_RAMA(1.0),_T,M,IR,C,2017-M04,104.99,,1,RT,0
CL01:DF_IR_RAMA(1.0),_T,M,IR,D,2017-M04,103.19,,1,RT,0
CL01:DF_IR_RAMA(1.0),_T,M,IR,E,2017-M04,106.88,,1,RT,0
CL01:DF_IR_RAMA(1.0),_T,M,IR,F,2017-M04,105.58,,1,RT,0
CL01:DF_IR_RAMA(1.0),_T,M,IR,G,2017-M04,104.09,,1,RT,0
CL01:DF_IR_RAMA(1.0),_T,M,IR,H,2017-M04,102.45,,1,RT,0
CL01:DF_IR_RAMA(1.0),_T,M,IR,I,2017-M04,105.6,,1,RT,0
CL01:DF_IR_RAMA(1.0),_T,M,IR,J,2017-M04,103.89,,1,RT,0
CL01:DF_IR_RAMA(1.0),_T,M,IR,K,2017-M04,103.54,,1,RT,0
CL01:DF_IR_RAMA(1.0),_T,M,IR,L,2017-M04,108.3,,1,RT,0
CL01:DF_IR_RAMA(1.0),_T,M,IR,M,2017-M04,105.54,,1,RT,0
CL01:DF_IR_RAMA(1.0),_T,M,IR,N,2017-M04,104.11,,1,RT,0
CL01:DF_IR_RAMA(1.0),_T,M,IR,O,2017-M04,107.53,,1,RT,0
CL01:DF_IR_RAMA(1.0),_T,M,IR,P,2017-M04,105.84,,1,RT,0
CL01:DF_IR_RAMA(1.0),_T,M,IR,Q,2017-M04,105.85,,1,RT,0
CL01:DF_IR_RAMA(1.0),_T,M,IR,R,2017-M04,102.48,,1,RT,0
CL01:DF_IR_RAMA(1.0),_T,M,IR,C,2017-M05,104.32,,1,RT,0
CL01:DF_IR_RAMA(1.0),_T,M,IR,D,2017-M05,105.29,,1,RT,0
CL01:DF_IR_RAMA(1.0),_T,M,IR,E,2017-M05,106.12,,1,RT,0
CL01:DF_IR_RAMA(1.0),_T,M,IR,F,2017-M05,106.06,,1,RT,0
CL01:DF_IR_RAMA(1.0),_T,M,IR,G,2017-M05,103.93,,1,RT,0
CL01:DF_IR_RAMA(1.0),_T,M,IR,H,2017-M05,102.84,,1,RT,0
CL01:DF_IR_RAMA(1.0),_T,M,IR,I,2017-M05,105.3,,1,RT,0
CL01:DF_IR_RAMA(1.0),_T,M,IR,J,2017-M05,104.3,,1,RT,0
CL01:DF_IR_RAMA(1.0),_T,M,IR,K,2017-M05,102.58,,1,RT,0
CL01:DF_IR_RAMA(1.0),_T,M,IR,L,2017-M05,106.96,,1,RT,0
CL01:DF_IR_RAMA(1.0),_T,M,IR,M,2017-M05,104.82,,1,RT,0
CL01:DF_IR_RAMA(1.0),_T,M,IR,N,2017-M05,101.35,,1,RT,0
CL01:DF_IR_RAMA(1.0),_T,M,IR,O,2017-M05,107.42,,1,RT,0
CL01:DF_IR_RAMA(1.0),_T,M,IR,P,2017-M05,106.43,,1,RT,0
CL01:DF_IR_RAMA(1.0),_T,M,IR,Q,2017-M05,105.22,,1,RT,0
CL01:DF_IR_RAMA(1.0),_T,M,IR,R,2017-M05,101.59,,1,RT,0
CL01:DF_IR_RAMA(1.0),_T,M,IR,C,2017-M06,105.72,,1,RT,0
CL01:DF_IR_RAMA(1.0),_T,M,IR,D,2017-M06,107,,1,RT,0
CL01:DF_IR_RAMA(1.0),_T,M,IR,E,2017-M06,107.75,,1,RT,0
CL01:DF_IR_RAMA(1.0),_T,M,IR,F,2017-M06,106.94,,1,RT,0
CL01:DF_IR_RAMA(1.0),_T,M,IR,G,2017-M06,105.06,,1,RT,0
CL01:DF_IR_RAMA(1.0),_T,M,IR,H,2017-M06,102.51,,1,RT,0
CL01:DF_IR_RAMA(1.0),_T,M,IR,I,2017-M06,103.14,,1,RT,0
CL01:DF_IR_RAMA(1.0),_T,M,IR,J,2017-M06,106.3,,1,RT,0
CL01:DF_IR_RAMA(1.0),_T,M,IR,K,2017-M06,104.3,,1,RT,0
CL01:DF_IR_RAMA(1.0),_T,M,IR,L,2017-M06,107.03,,1,RT,0
CL01:DF_IR_RAMA(1.0),_T,M,IR,M,2017-M06,105.11,,1,RT,0
CL01:DF_IR_RAMA(1.0),_T,M,IR,N,2017-M06,101.36,,1,RT,0
CL01:DF_IR_RAMA(1.0),_T,M,IR,O,2017-M06,108.64,,1,RT,0
CL01:DF_IR_RAMA(1.0),_T,M,IR,P,2017-M06,106.5,,1,RT,0
CL01:DF_IR_RAMA(1.0),_T,M,IR,Q,2017-M06,103.78,,1,RT,0
CL01:DF_IR_RAMA(1.0),_T,M,IR,R,2017-M06,100.89,,1,RT,0
CL01:DF_IR_RAMA(1.0),_T,M,IR,C,2017-M07,106.22,,1,RT,0
CL01:DF_IR_RAMA(1.0),_T,M,IR,D,2017-M07,104.46,,1,RT,0
CL01:DF_IR_RAMA(1.0),_T,M,IR,E,2017-M07,108.17,,1,RT,0
CL01:DF_IR_RAMA(1.0),_T,M,IR,F,2017-M07,106.91,,1,RT,0
CL01:DF_IR_RAMA(1.0),_T,M,IR,G,2017-M07,107.69,,1,RT,0
CL01:DF_IR_RAMA(1.0),_T,M,IR,H,2017-M07,103.25,,1,RT,0
CL01:DF_IR_RAMA(1.0),_T,M,IR,I,2017-M07,105.76,,1,RT,0
CL01:DF_IR_RAMA(1.0),_T,M,IR,J,2017-M07,105.62,,1,RT,0
CL01:DF_IR_RAMA(1.0),_T,M,IR,K,2017-M07,104.91,,1,RT,0
CL01:DF_IR_RAMA(1.0),_T,M,IR,L,2017-M07,106.92,,1,RT,0
CL01:DF_IR_RAMA(1.0),_T,M,IR,M,2017-M07,106.03,,1,RT,0
CL01:DF_IR_RAMA(1.0),_T,M,IR,N,2017-M07,103.62,,1,RT,0
CL01:DF_IR_RAMA(1.0),_T,M,IR,O,2017-M07,108.32,,1,RT,0
CL01:DF_IR_RAMA(1.0),_T,M,IR,P,2017-M07,107.84,,1,RT,0
CL01:DF_IR_RAMA(1.0),_T,M,IR,Q,2017-M07,104.46,,1,RT,0
CL01:DF_IR_RAMA(1.0),_T,M,IR,R,2017-M07,101.7,,1,RT,0
CL01:DF_IR_RAMA(1.0),_T,M,IR,C,2017-M08,105.98,,1,RT,0
CL01:DF_IR_RAMA(1.0),_T,M,IR,D,2017-M08,103.64,,1,RT,0
CL01:DF_IR_RAMA(1.0),_T,M,IR,E,2017-M08,107.36,,1,RT,0
CL01:DF_IR_RAMA(1.0),_T,M,IR,F,2017-M08,107.44,,1,RT,0
CL01:DF_IR_RAMA(1.0),_T,M,IR,G,2017-M08,111.24,,1,RT,0
CL01:DF_IR_RAMA(1.0),_T,M,IR,H,2017-M08,104.22,,1,RT,0
CL01:DF_IR_RAMA(1.0),_T,M,IR,I,2017-M08,105.88,,1,RT,0
CL01:DF_IR_RAMA(1.0),_T,M,IR,J,2017-M08,105.91,,1,RT,0
CL01:DF_IR_RAMA(1.0),_T,M,IR,K,2017-M08,105.47,,1,RT,0
CL01:DF_IR_RAMA(1.0),_T,M,IR,L,2017-M08,108.34,,1,RT,0
CL01:DF_IR_RAMA(1.0),_T,M,IR,M,2017-M08,106.51,,1,RT,0
CL01:DF_IR_RAMA(1.0),_T,M,IR,N,2017-M08,104.46,,1,RT,0
CL01:DF_IR_RAMA(1.0),_T,M,IR,O,2017-M08,108.46,,1,RT,0
CL01:DF_IR_RAMA(1.0),_T,M,IR,P,2017-M08,106.86,,1,RT,0
CL01:DF_IR_RAMA(1.0),_T,M,IR,Q,2017-M08,104.18,,1,RT,0
CL01:DF_IR_RAMA(1.0),_T,M,IR,R,2017-M08,101.65,,1,RT,0
CL01:DF_IR_RAMA(1.0),_T,M,IR,C,2017-M09,105.82,,1,RT,0
CL01:DF_IR_RAMA(1.0),_T,M,IR,D,2017-M09,105.77,,1,RT,0
CL01:DF_IR_RAMA(1.0),_T,M,IR,E,2017-M09,108.27,,1,RT,0
CL01:DF_IR_RAMA(1.0),_T,M,IR,F,2017-M09,107.83,,1,RT,0
CL01:DF_IR_RAMA(1.0),_T,M,IR,G,2017-M09,109,,1,RT,0
CL01:DF_IR_RAMA(1.0),_T,M,IR,H,2017-M09,104.43,,1,RT,0
CL01:DF_IR_RAMA(1.0),_T,M,IR,I,2017-M09,107.08,,1,RT,0
CL01:DF_IR_RAMA(1.0),_T,M,IR,J,2017-M09,104.19,,1,RT,0
CL01:DF_IR_RAMA(1.0),_T,M,IR,K,2017-M09,107.22,,1,RT,0
CL01:DF_IR_RAMA(1.0),_T,M,IR,L,2017-M09,107.68,,1,RT,0
CL01:DF_IR_RAMA(1.0),_T,M,IR,M,2017-M09,105.86,,1,RT,0
CL01:DF_IR_RAMA(1.0),_T,M,IR,N,2017-M09,103.95,,1,RT,0
CL01:DF_IR_RAMA(1.0),_T,M,IR,O,2017-M09,108.63,,1,RT,0
CL01:DF_IR_RAMA(1.0),_T,M,IR,P,2017-M09,109.02,,1,RT,0
CL01:DF_IR_RAMA(1.0),_T,M,IR,Q,2017-M09,106.76,,1,RT,0
CL01:DF_IR_RAMA(1.0),_T,M,IR,R,2017-M09,103.55,,1,RT,0
CL01:DF_IR_RAMA(1.0),_T,M,IR,C,2017-M10,106.12,,1,RT,0
CL01:DF_IR_RAMA(1.0),_T,M,IR,D,2017-M10,104.04,,1,RT,0
CL01:DF_IR_RAMA(1.0),_T,M,IR,E,2017-M10,107.62,,1,RT,0
CL01:DF_IR_RAMA(1.0),_T,M,IR,F,2017-M10,108.7,,1,RT,0
CL01:DF_IR_RAMA(1.0),_T,M,IR,G,2017-M10,109.54,,1,RT,0
CL01:DF_IR_RAMA(1.0),_T,M,IR,H,2017-M10,104.98,,1,RT,0
CL01:DF_IR_RAMA(1.0),_T,M,IR,I,2017-M10,107.66,,1,RT,0
CL01:DF_IR_RAMA(1.0),_T,M,IR,J,2017-M10,106.13,,1,RT,0
CL01:DF_IR_RAMA(1.0),_T,M,IR,K,2017-M10,106.07,,1,RT,0
CL01:DF_IR_RAMA(1.0),_T,M,IR,L,2017-M10,107.15,,1,RT,0
CL01:DF_IR_RAMA(1.0),_T,M,IR,M,2017-M10,106.87,,1,RT,0
CL01:DF_IR_RAMA(1.0),_T,M,IR,N,2017-M10,103.25,,1,RT,0
CL01:DF_IR_RAMA(1.0),_T,M,IR,O,2017-M10,108.4,,1,RT,0
CL01:DF_IR_RAMA(1.0),_T,M,IR,P,2017-M10,109.8,,1,RT,0
CL01:DF_IR_RAMA(1.0),_T,M,IR,Q,2017-M10,107.09,,1,RT,0
CL01:DF_IR_RAMA(1.0),_T,M,IR,R,2017-M10,103.45,,1,RT,0
CL01:DF_IR_RAMA(1.0),_T,M,IR,C,2017-M11,107.12,,1,RT,0
CL01:DF_IR_RAMA(1.0),_T,M,IR,D,2017-M11,105.12,,1,RT,0
CL01:DF_IR_RAMA(1.0),_T,M,IR,E,2017-M11,108.14,,1,RT,0
CL01:DF_IR_RAMA(1.0),_T,M,IR,F,2017-M11,110.7,,1,RT,0
CL01:DF_IR_RAMA(1.0),_T,M,IR,G,2017-M11,110.33,,1,RT,0
CL01:DF_IR_RAMA(1.0),_T,M,IR,H,2017-M11,105.88,,1,RT,0
CL01:DF_IR_RAMA(1.0),_T,M,IR,I,2017-M11,107.91,,1,RT,0
CL01:DF_IR_RAMA(1.0),_T,M,IR,J,2017-M11,105.17,,1,RT,0
CL01:DF_IR_RAMA(1.0),_T,M,IR,K,2017-M11,106.82,,1,RT,0
CL01:DF_IR_RAMA(1.0),_T,M,IR,L,2017-M11,108.44,,1,RT,0
CL01:DF_IR_RAMA(1.0),_T,M,IR,M,2017-M11,106.29,,1,RT,0
CL01:DF_IR_RAMA(1.0),_T,M,IR,N,2017-M11,103.32,,1,RT,0
CL01:DF_IR_RAMA(1.0),_T,M,IR,O,2017-M11,108.6,,1,RT,0
CL01:DF_IR_RAMA(1.0),_T,M,IR,P,2017-M11,110.42,,1,RT,0
CL01:DF_IR_RAMA(1.0),_T,M,IR,Q,2017-M11,107.77,,1,RT,0
CL01:DF_IR_RAMA(1.0),_T,M,IR,R,2017-M11,102.46,,1,RT,0
CL01:DF_IR_RAMA(1.0),_T,M,IR,C,2017-M12,107.66,,1,RT,0
CL01:DF_IR_RAMA(1.0),_T,M,IR,D,2017-M12,104.56,,1,RT,0
CL01:DF_IR_RAMA(1.0),_T,M,IR,E,2017-M12,108.16,,1,RT,0
CL01:DF_IR_RAMA(1.0),_T,M,IR,F,2017-M12,111.13,,1,RT,0
CL01:DF_IR_RAMA(1.0),_T,M,IR,G,2017-M12,111.71,,1,RT,0
CL01:DF_IR_RAMA(1.0),_T,M,IR,H,2017-M12,106.35,,1,RT,0
CL01:DF_IR_RAMA(1.0),_T,M,IR,I,2017-M12,107.29,,1,RT,0
CL01:DF_IR_RAMA(1.0),_T,M,IR,J,2017-M12,105.08,,1,RT,0
CL01:DF_IR_RAMA(1.0),_T,M,IR,K,2017-M12,106.79,,1,RT,0
CL01:DF_IR_RAMA(1.0),_T,M,IR,L,2017-M12,107.94,,1,RT,0
CL01:DF_IR_RAMA(1.0),_T,M,IR,M,2017-M12,104.92,,1,RT,0
CL01:DF_IR_RAMA(1.0),_T,M,IR,N,2017-M12,103.96,,1,RT,0
CL01:DF_IR_RAMA(1.0),_T,M,IR,O,2017-M12,113.13,,1,RT,0
CL01:DF_IR_RAMA(1.0),_T,M,IR,P,2017-M12,110.98,,1,RT,0
CL01:DF_IR_RAMA(1.0),_T,M,IR,Q,2017-M12,108.82,,1,RT,0
CL01:DF_IR_RAMA(1.0),_T,M,IR,R,2017-M12,103.02,,1,RT,0
CL01:DF_IR_RAMA(1.0),_T,M,IR,C,2018-M01,107.48,,1,RT,0
CL01:DF_IR_RAMA(1.0),_T,M,IR,D,2018-M01,112.61,,1,RT,0
CL01:DF_IR_RAMA(1.0),_T,M,IR,E,2018-M01,109.26,,1,RT,0
CL01:DF_IR_RAMA(1.0),_T,M,IR,F,2018-M01,110.41,,1,RT,0
CL01:DF_IR_RAMA(1.0),_T,M,IR,G,2018-M01,113.96,,1,RT,0
CL01:DF_IR_RAMA(1.0),_T,M,IR,H,2018-M01,109.55,,1,RT,0
CL01:DF_IR_RAMA(1.0),_T,M,IR,I,2018-M01,108.67,,1,RT,0
CL01:DF_IR_RAMA(1.0),_T,M,IR,J,2018-M01,107.17,,1,RT,0
CL01:DF_IR_RAMA(1.0),_T,M,IR,K,2018-M01,106.21,,1,RT,0
CL01:DF_IR_RAMA(1.0),_T,M,IR,L,2018-M01,108.73,,1,RT,0
CL01:DF_IR_RAMA(1.0),_T,M,IR,M,2018-M01,106.34,,1,RT,0
CL01:DF_IR_RAMA(1.0),_T,M,IR,N,2018-M01,107.46,,1,RT,0
CL01:DF_IR_RAMA(1.0),_T,M,IR,O,2018-M01,111.54,,1,RT,0
CL01:DF_IR_RAMA(1.0),_T,M,IR,P,2018-M01,112.71,,1,RT,0
CL01:DF_IR_RAMA(1.0),_T,M,IR,Q,2018-M01,107.82,,1,RT,0
CL01:DF_IR_RAMA(1.0),_T,M,IR,R,2018-M01,105.61,,1,RT,0
CL01:DF_IR_RAMA(1.0),_T,M,IR,C,2018-M02,107.39,,1,RT,0
CL01:DF_IR_RAMA(1.0),_T,M,IR,D,2018-M02,110.06,,1,RT,0
CL01:DF_IR_RAMA(1.0),_T,M,IR,E,2018-M02,109.4,,1,RT,0
CL01:DF_IR_RAMA(1.0),_T,M,IR,F,2018-M02,110.93,,1,RT,0
CL01:DF_IR_RAMA(1.0),_T,M,IR,G,2018-M02,111.94,,1,RT,0
CL01:DF_IR_RAMA(1.0),_T,M,IR,H,2018-M02,108.75,,1,RT,0
CL01:DF_IR_RAMA(1.0),_T,M,IR,I,2018-M02,107.77,,1,RT,0
CL01:DF_IR_RAMA(1.0),_T,M,IR,J,2018-M02,104.67,,1,RT,0
CL01:DF_IR_RAMA(1.0),_T,M,IR,K,2018-M02,107.82,,1,RT,0
CL01:DF_IR_RAMA(1.0),_T,M,IR,L,2018-M02,109.29,,1,RT,0
CL01:DF_IR_RAMA(1.0),_T,M,IR,M,2018-M02,108.07,,1,RT,0
CL01:DF_IR_RAMA(1.0),_T,M,IR,N,2018-M02,103.69,,1,RT,0
CL01:DF_IR_RAMA(1.0),_T,M,IR,O,2018-M02,111.32,,1,RT,0
CL01:DF_IR_RAMA(1.0),_T,M,IR,P,2018-M02,112.85,,1,RT,0
CL01:DF_IR_RAMA(1.0),_T,M,IR,Q,2018-M02,108.88,,1,RT,0
CL01:DF_IR_RAMA(1.0),_T,M,IR,R,2018-M02,104.7,,1,RT,0
CL01:DF_IR_RAMA(1.0),_T,M,IR,C,2018-M03,107.93,,1,RT,0
CL01:DF_IR_RAMA(1.0),_T,M,IR,D,2018-M03,112.35,,1,RT,0
CL01:DF_IR_RAMA(1.0),_T,M,IR,E,2018-M03,114.01,,1,RT,0
CL01:DF_IR_RAMA(1.0),_T,M,IR,F,2018-M03,110.93,,1,RT,0
CL01:DF_IR_RAMA(1.0),_T,M,IR,G,2018-M03,112.8,,1,RT,0
CL01:DF_IR_RAMA(1.0),_T,M,IR,H,2018-M03,107.82,,1,RT,0
CL01:DF_IR_RAMA(1.0),_T,M,IR,I,2018-M03,109.11,,1,RT,0
CL01:DF_IR_RAMA(1.0),_T,M,IR,J,2018-M03,106.24,,1,RT,0
CL01:DF_IR_RAMA(1.0),_T,M,IR,K,2018-M03,107.34,,1,RT,0
CL01:DF_IR_RAMA(1.0),_T,M,IR,L,2018-M03,110.83,,1,RT,0
CL01:DF_IR_RAMA(1.0),_T,M,IR,M,2018-M03,108.94,,1,RT,0
CL01:DF_IR_RAMA(1.0),_T,M,IR,N,2018-M03,106.72,,1,RT,0
CL01:DF_IR_RAMA(1.0),_T,M,IR,O,2018-M03,111.84,,1,RT,0
CL01:DF_IR_RAMA(1.0),_T,M,IR,P,2018-M03,112.29,,1,RT,0
CL01:DF_IR_RAMA(1.0),_T,M,IR,Q,2018-M03,110.55,,1,RT,0
CL01:DF_IR_RAMA(1.0),_T,M,IR,R,2018-M03,105.31,,1,RT,0
CL01:DF_IR_RAMA(1.0),_T,M,IR,C,2018-M04,108.77,,1,RT,0
CL01:DF_IR_RAMA(1.0),_T,M,IR,D,2018-M04,110,,1,RT,0
CL01:DF_IR_RAMA(1.0),_T,M,IR,E,2018-M04,110.75,,1,RT,0
CL01:DF_IR_RAMA(1.0),_T,M,IR,F,2018-M04,111.72,,1,RT,0
CL01:DF_IR_RAMA(1.0),_T,M,IR,G,2018-M04,113.6,,1,RT,0
CL01:DF_IR_RAMA(1.0),_T,M,IR,H,2018-M04,108.85,,1,RT,0
CL01:DF_IR_RAMA(1.0),_T,M,IR,I,2018-M04,109.35,,1,RT,0
CL01:DF_IR_RAMA(1.0),_T,M,IR,J,2018-M04,105.87,,1,RT,0
CL01:DF_IR_RAMA(1.0),_T,M,IR,K,2018-M04,108.21,,1,RT,0
CL01:DF_IR_RAMA(1.0),_T,M,IR,L,2018-M04,109.92,,1,RT,0
CL01:DF_IR_RAMA(1.0),_T,M,IR,M,2018-M04,107.39,,1,RT,0
CL01:DF_IR_RAMA(1.0),_T,M,IR,N,2018-M04,105.35,,1,RT,0
CL01:DF_IR_RAMA(1.0),_T,M,IR,O,2018-M04,111.71,,1,RT,0
CL01:DF_IR_RAMA(1.0),_T,M,IR,P,2018-M04,112.48,,1,RT,0
CL01:DF_IR_RAMA(1.0),_T,M,IR,Q,2018-M04,110.81,,1,RT,0
CL01:DF_IR_RAMA(1.0),_T,M,IR,R,2018-M04,105.57,,1,RT,0
CL01:DF_IR_RAMA(1.0),_T,M,IR,C,2018-M05,108.61,,1,RT,0
CL01:DF_IR_RAMA(1.0),_T,M,IR,D,2018-M05,111.3,,1,RT,0
CL01:DF_IR_RAMA(1.0),_T,M,IR,E,2018-M05,110.72,,1,RT,0
CL01:DF_IR_RAMA(1.0),_T,M,IR,F,2018-M05,112.88,,1,RT,0
CL01:DF_IR_RAMA(1.0),_T,M,IR,G,2018-M05,112.52,,1,RT,0
CL01:DF_IR_RAMA(1.0),_T,M,IR,H,2018-M05,108.6,,1,RT,0
CL01:DF_IR_RAMA(1.0),_T,M,IR,I,2018-M05,109.03,,1,RT,0
CL01:DF_IR_RAMA(1.0),_T,M,IR,J,2018-M05,105.99,,1,RT,0
CL01:DF_IR_RAMA(1.0),_T,M,IR,K,2018-M05,107.42,,1,RT,0
CL01:DF_IR_RAMA(1.0),_T,M,IR,L,2018-M05,109.17,,1,RT,0
CL01:DF_IR_RAMA(1.0),_T,M,IR,M,2018-M05,108.24,,1,RT,0
CL01:DF_IR_RAMA(1.0),_T,M,IR,N,2018-M05,106.15,,1,RT,0
CL01:DF_IR_RAMA(1.0),_T,M,IR,O,2018-M05,111.34,,1,RT,0
CL01:DF_IR_RAMA(1.0),_T,M,IR,P,2018-M05,112.78,,1,RT,0
CL01:DF_IR_RAMA(1.0),_T,M,IR,Q,2018-M05,111.01,,1,RT,0
CL01:DF_IR_RAMA(1.0),_T,M,IR,R,2018-M05,104.66,,1,RT,0
CL01:DF_IR_RAMA(1.0),_T,M,IR,C,2018-M06,108.29,,1,RT,0
CL01:DF_IR_RAMA(1.0),_T,M,IR,D,2018-M06,111.58,,1,RT,0
CL01:DF_IR_RAMA(1.0),_T,M,IR,E,2018-M06,110.64,,1,RT,0
CL01:DF_IR_RAMA(1.0),_T,M,IR,F,2018-M06,112.73,,1,RT,0
CL01:DF_IR_RAMA(1.0),_T,M,IR,G,2018-M06,113.38,,1,RT,0
CL01:DF_IR_RAMA(1.0),_T,M,IR,H,2018-M06,108.58,,1,RT,0
CL01:DF_IR_RAMA(1.0),_T,M,IR,I,2018-M06,109.06,,1,RT,0
CL01:DF_IR_RAMA(1.0),_T,M,IR,J,2018-M06,106.46,,1,RT,0
CL01:DF_IR_RAMA(1.0),_T,M,IR,K,2018-M06,106.52,,1,RT,0
CL01:DF_IR_RAMA(1.0),_T,M,IR,L,2018-M06,110.53,,1,RT,0
CL01:DF_IR_RAMA(1.0),_T,M,IR,M,2018-M06,109.23,,1,RT,0
CL01:DF_IR_RAMA(1.0),_T,M,IR,N,2018-M06,106.25,,1,RT,0
CL01:DF_IR_RAMA(1.0),_T,M,IR,O,2018-M06,112.28,,1,RT,0
CL01:DF_IR_RAMA(1.0),_T,M,IR,P,2018-M06,113.25,,1,RT,0
CL01:DF_IR_RAMA(1.0),_T,M,IR,Q,2018-M06,111.03,,1,RT,0
CL01:DF_IR_RAMA(1.0),_T,M,IR,R,2018-M06,105.33,,1,RT,0
CL01:DF_IR_RAMA(1.0),_T,M,IR,C,2018-M07,109.53,,1,RT,0
CL01:DF_IR_RAMA(1.0),_T,M,IR,D,2018-M07,111,,1,RT,0
CL01:DF_IR_RAMA(1.0),_T,M,IR,E,2018-M07,110.46,,1,RT,0
CL01:DF_IR_RAMA(1.0),_T,M,IR,F,2018-M07,113.93,,1,RT,0
CL01:DF_IR_RAMA(1.0),_T,M,IR,G,2018-M07,113.45,,1,RT,0
CL01:DF_IR_RAMA(1.0),_T,M,IR,H,2018-M07,108.82,,1,RT,0
CL01:DF_IR_RAMA(1.0),_T,M,IR,I,2018-M07,110.25,,1,RT,0
CL01:DF_IR_RAMA(1.0),_T,M,IR,J,2018-M07,106.76,,1,RT,0
CL01:DF_IR_RAMA(1.0),_T,M,IR,K,2018-M07,106.57,,1,RT,0
CL01:DF_IR_RAMA(1.0),_T,M,IR,L,2018-M07,112.34,,1,RT,0
CL01:DF_IR_RAMA(1.0),_T,M,IR,M,2018-M07,110.44,,1,RT,0
CL01:DF_IR_RAMA(1.0),_T,M,IR,N,2018-M07,107.06,,1,RT,0
CL01:DF_IR_RAMA(1.0),_T,M,IR,O,2018-M07,111.24,,1,RT,0
CL01:DF_IR_RAMA(1.0),_T,M,IR,P,2018-M07,113.54,,1,RT,0
CL01:DF_IR_RAMA(1.0),_T,M,IR,Q,2018-M07,111.94,,1,RT,0
CL01:DF_IR_RAMA(1.0),_T,M,IR,R,2018-M07,105.86,,1,RT,0
CL01:DF_IR_RAMA(1.0),_T,M,IR,C,2018-M08,110.06,,1,RT,0
CL01:DF_IR_RAMA(1.0),_T,M,IR,D,2018-M08,112.29,,1,RT,0
CL01:DF_IR_RAMA(1.0),_T,M,IR,E,2018-M08,110.11,,1,RT,0
CL01:DF_IR_RAMA(1.0),_T,M,IR,F,2018-M08,114.24,,1,RT,0
CL01:DF_IR_RAMA(1.0),_T,M,IR,G,2018-M08,113.56,,1,RT,0
CL01:DF_IR_RAMA(1.0),_T,M,IR,H,2018-M08,109.96,,1,RT,0
CL01:DF_IR_RAMA(1.0),_T,M,IR,I,2018-M08,110.09,,1,RT,0
CL01:DF_IR_RAMA(1.0),_T,M,IR,J,2018-M08,105.79,,1,RT,0
CL01:DF_IR_RAMA(1.0),_T,M,IR,K,2018-M08,106.79,,1,RT,0
CL01:DF_IR_RAMA(1.0),_T,M,IR,L,2018-M08,112.39,,1,RT,0
CL01:DF_IR_RAMA(1.0),_T,M,IR,M,2018-M08,109.16,,1,RT,0
CL01:DF_IR_RAMA(1.0),_T,M,IR,N,2018-M08,107.87,,1,RT,0
CL01:DF_IR_RAMA(1.0),_T,M,IR,O,2018-M08,111,,1,RT,0
CL01:DF_IR_RAMA(1.0),_T,M,IR,P,2018-M08,112.68,,1,RT,0
CL01:DF_IR_RAMA(1.0),_T,M,IR,Q,2018-M08,111.92,,1,RT,0
CL01:DF_IR_RAMA(1.0),_T,M,IR,R,2018-M08,105.64,,1,RT,0
CL01:DF_IR_RAMA(1.0),_T,M,IR,C,2018-M09,111.49,,1,RT,0
CL01:DF_IR_RAMA(1.0),_T,M,IR,D,2018-M09,112.87,,1,RT,0
CL01:DF_IR_RAMA(1.0),_T,M,IR,E,2018-M09,111.52,,1,RT,0
CL01:DF_IR_RAMA(1.0),_T,M,IR,F,2018-M09,115.69,,1,RT,0
CL01:DF_IR_RAMA(1.0),_T,M,IR,G,2018-M09,114.8,,1,RT,0
CL01:DF_IR_RAMA(1.0),_T,M,IR,H,2018-M09,110.85,,1,RT,0
CL01:DF_IR_RAMA(1.0),_T,M,IR,I,2018-M09,113.1,,1,RT,0
CL01:DF_IR_RAMA(1.0),_T,M,IR,J,2018-M09,105.21,,1,RT,0
CL01:DF_IR_RAMA(1.0),_T,M,IR,K,2018-M09,107.89,,1,RT,0
CL01:DF_IR_RAMA(1.0),_T,M,IR,L,2018-M09,113.44,,1,RT,0
CL01:DF_IR_RAMA(1.0),_T,M,IR,M,2018-M09,109.67,,1,RT,0
CL01:DF_IR_RAMA(1.0),_T,M,IR,N,2018-M09,109.14,,1,RT,0
CL01:DF_IR_RAMA(1.0),_T,M,IR,O,2018-M09,111.63,,1,RT,0
CL01:DF_IR_RAMA(1.0),_T,M,IR,P,2018-M09,113.17,,1,RT,0
CL01:DF_IR_RAMA(1.0),_T,M,IR,Q,2018-M09,112.76,,1,RT,0
CL01:DF_IR_RAMA(1.0),_T,M,IR,R,2018-M09,106.14,,1,RT,0
CL01:DF_IR_RAMA(1.0),_T,M,IR,C,2018-M10,111.09,,1,RT,0
CL01:DF_IR_RAMA(1.0),_T,M,IR,D,2018-M10,112.56,,1,RT,0
CL01:DF_IR_RAMA(1.0),_T,M,IR,E,2018-M10,111.86,,1,RT,0
CL01:DF_IR_RAMA(1.0),_T,M,IR,F,2018-M10,116.19,,1,RT,0
CL01:DF_IR_RAMA(1.0),_T,M,IR,G,2018-M10,114.98,,1,RT,0
CL01:DF_IR_RAMA(1.0),_T,M,IR,H,2018-M10,111,,1,RT,0
CL01:DF_IR_RAMA(1.0),_T,M,IR,I,2018-M10,112.1,,1,RT,0
CL01:DF_IR_RAMA(1.0),_T,M,IR,J,2018-M10,106.22,,1,RT,0
CL01:DF_IR_RAMA(1.0),_T,M,IR,K,2018-M10,107.04,,1,RT,0
CL01:DF_IR_RAMA(1.0),_T,M,IR,L,2018-M10,114.79,,1,RT,0
CL01:DF_IR_RAMA(1.0),_T,M,IR,M,2018-M10,109.92,,1,RT,0
CL01:DF_IR_RAMA(1.0),_T,M,IR,N,2018-M10,109.08,,1,RT,0
CL01:DF_IR_RAMA(1.0),_T,M,IR,O,2018-M10,111.34,,1,RT,0
CL01:DF_IR_RAMA(1.0),_T,M,IR,P,2018-M10,113.27,,1,RT,0
CL01:DF_IR_RAMA(1.0),_T,M,IR,Q,2018-M10,112.88,,1,RT,0
CL01:DF_IR_RAMA(1.0),_T,M,IR,R,2018-M10,105.76,,1,RT,0
CL01:DF_IR_RAMA(1.0),_T,M,IR,C,2018-M11,111.99,,1,RT,0
CL01:DF_IR_RAMA(1.0),_T,M,IR,D,2018-M11,112.33,,1,RT,0
CL01:DF_IR_RAMA(1.0),_T,M,IR,E,2018-M11,111.92,,1,RT,0
CL01:DF_IR_RAMA(1.0),_T,M,IR,F,2018-M11,116.81,,1,RT,0
CL01:DF_IR_RAMA(1.0),_T,M,IR,G,2018-M11,115.5,,1,RT,0
CL01:DF_IR_RAMA(1.0),_T,M,IR,H,2018-M11,111.46,,1,RT,0
CL01:DF_IR_RAMA(1.0),_T,M,IR,I,2018-M11,112.66,,1,RT,0
CL01:DF_IR_RAMA(1.0),_T,M,IR,J,2018-M11,105.2,,1,RT,0
CL01:DF_IR_RAMA(1.0),_T,M,IR,K,2018-M11,108.2,,1,RT,0
CL01:DF_IR_RAMA(1.0),_T,M,IR,L,2018-M11,113.27,,1,RT,0
CL01:DF_IR_RAMA(1.0),_T,M,IR,M,2018-M11,110.09,,1,RT,0
CL01:DF_IR_RAMA(1.0),_T,M,IR,N,2018-M11,109.87,,1,RT,0
CL01:DF_IR_RAMA(1.0),_T,M,IR,O,2018-M11,111.32,,1,RT,0
CL01:DF_IR_RAMA(1.0),_T,M,IR,P,2018-M11,114.06,,1,RT,0
CL01:DF_IR_RAMA(1.0),_T,M,IR,Q,2018-M11,113.52,,1,RT,0
CL01:DF_IR_RAMA(1.0),_T,M,IR,R,2018-M11,106.35,,1,RT,0
CL01:DF_IR_RAMA(1.0),_T,M,IR,C,2018-M12,112.26,,1,RT,0
CL01:DF_IR_RAMA(1.0),_T,M,IR,D,2018-M12,111.68,,1,RT,0
CL01:DF_IR_RAMA(1.0),_T,M,IR,E,2018-M12,111.28,,1,RT,0
CL01:DF_IR_RAMA(1.0),_T,M,IR,F,2018-M12,116.93,,1,RT,0
CL01:DF_IR_RAMA(1.0),_T,M,IR,G,2018-M12,116.03,,1,RT,0
CL01:DF_IR_RAMA(1.0),_T,M,IR,H,2018-M12,111.71,,1,RT,0
CL01:DF_IR_RAMA(1.0),_T,M,IR,I,2018-M12,113.6,,1,RT,0
CL01:DF_IR_RAMA(1.0),_T,M,IR,J,2018-M12,106.68,,1,RT,0
CL01:DF_IR_RAMA(1.0),_T,M,IR,K,2018-M12,107.78,,1,RT,0
CL01:DF_IR_RAMA(1.0),_T,M,IR,L,2018-M12,115.08,,1,RT,0
CL01:DF_IR_RAMA(1.0),_T,M,IR,M,2018-M12,110.24,,1,RT,0
CL01:DF_IR_RAMA(1.0),_T,M,IR,N,2018-M12,109.71,,1,RT,0
CL01:DF_IR_RAMA(1.0),_T,M,IR,O,2018-M12,115.2,,1,RT,0
CL01:DF_IR_RAMA(1.0),_T,M,IR,P,2018-M12,115.99,,1,RT,0
CL01:DF_IR_RAMA(1.0),_T,M,IR,Q,2018-M12,113.64,,1,RT,0
CL01:DF_IR_RAMA(1.0),_T,M,IR,R,2018-M12,107.43,,1,RT,0
CL01:DF_IR_RAMA(1.0),_T,M,IR,C,2019-M01,112.52,,1,RT,0
CL01:DF_IR_RAMA(1.0),_T,M,IR,D,2019-M01,115.24,,1,RT,0
CL01:DF_IR_RAMA(1.0),_T,M,IR,E,2019-M01,113.14,,1,RT,0
CL01:DF_IR_RAMA(1.0),_T,M,IR,F,2019-M01,117.03,,1,RT,0
CL01:DF_IR_RAMA(1.0),_T,M,IR,G,2019-M01,117.68,,1,RT,0
CL01:DF_IR_RAMA(1.0),_T,M,IR,H,2019-M01,112.92,,1,RT,0
CL01:DF_IR_RAMA(1.0),_T,M,IR,I,2019-M01,113.53,,1,RT,0
CL01:DF_IR_RAMA(1.0),_T,M,IR,J,2019-M01,109.14,,1,RT,0
CL01:DF_IR_RAMA(1.0),_T,M,IR,K,2019-M01,108.91,,1,RT,0
CL01:DF_IR_RAMA(1.0),_T,M,IR,L,2019-M01,115.12,,1,RT,0
CL01:DF_IR_RAMA(1.0),_T,M,IR,M,2019-M01,111.5,,1,RT,0
CL01:DF_IR_RAMA(1.0),_T,M,IR,N,2019-M01,111.19,,1,RT,0
CL01:DF_IR_RAMA(1.0),_T,M,IR,O,2019-M01,115.18,,1,RT,0
CL01:DF_IR_RAMA(1.0),_T,M,IR,P,2019-M01,117.46,,1,RT,0
CL01:DF_IR_RAMA(1.0),_T,M,IR,Q,2019-M01,114.33,,1,RT,0
CL01:DF_IR_RAMA(1.0),_T,M,IR,R,2019-M01,107.86,,1,RT,0
CL01:DF_IR_RAMA(1.0),_T,M,IR,C,2019-M02,113.04,,1,RT,0
CL01:DF_IR_RAMA(1.0),_T,M,IR,D,2019-M02,113.48,,1,RT,0
CL01:DF_IR_RAMA(1.0),_T,M,IR,E,2019-M02,111.21,,1,RT,0
CL01:DF_IR_RAMA(1.0),_T,M,IR,F,2019-M02,117.44,,1,RT,0
CL01:DF_IR_RAMA(1.0),_T,M,IR,G,2019-M02,116.4,,1,RT,0
CL01:DF_IR_RAMA(1.0),_T,M,IR,H,2019-M02,112.68,,1,RT,0
CL01:DF_IR_RAMA(1.0),_T,M,IR,I,2019-M02,112.25,,1,RT,0
CL01:DF_IR_RAMA(1.0),_T,M,IR,J,2019-M02,108.07,,1,RT,0
CL01:DF_IR_RAMA(1.0),_T,M,IR,K,2019-M02,110.82,,1,RT,0
CL01:DF_IR_RAMA(1.0),_T,M,IR,L,2019-M02,115.06,,1,RT,0
CL01:DF_IR_RAMA(1.0),_T,M,IR,M,2019-M02,111.26,,1,RT,0
CL01:DF_IR_RAMA(1.0),_T,M,IR,N,2019-M02,111.23,,1,RT,0
CL01:DF_IR_RAMA(1.0),_T,M,IR,O,2019-M02,116.24,,1,RT,0
CL01:DF_IR_RAMA(1.0),_T,M,IR,P,2019-M02,117.83,,1,RT,0
CL01:DF_IR_RAMA(1.0),_T,M,IR,Q,2019-M02,114.46,,1,RT,0
CL01:DF_IR_RAMA(1.0),_T,M,IR,R,2019-M02,108.45,,1,RT,0
CL01:DF_IR_RAMA(1.0),_T,M,IR,C,2019-M03,114.35,,1,RT,0
CL01:DF_IR_RAMA(1.0),_T,M,IR,D,2019-M03,115.51,,1,RT,0
CL01:DF_IR_RAMA(1.0),_T,M,IR,E,2019-M03,117.96,,1,RT,0
CL01:DF_IR_RAMA(1.0),_T,M,IR,F,2019-M03,117.05,,1,RT,0
CL01:DF_IR_RAMA(1.0),_T,M,IR,G,2019-M03,118.51,,1,RT,0
CL01:DF_IR_RAMA(1.0),_T,M,IR,H,2019-M03,114.48,,1,RT,0
CL01:DF_IR_RAMA(1.0),_T,M,IR,I,2019-M03,114.91,,1,RT,0
CL01:DF_IR_RAMA(1.0),_T,M,IR,J,2019-M03,111.4,,1,RT,0
CL01:DF_IR_RAMA(1.0),_T,M,IR,K,2019-M03,109.95,,1,RT,0
CL01:DF_IR_RAMA(1.0),_T,M,IR,L,2019-M03,116.35,,1,RT,0
CL01:DF_IR_RAMA(1.0),_T,M,IR,M,2019-M03,111.78,,1,RT,0
CL01:DF_IR_RAMA(1.0),_T,M,IR,N,2019-M03,112.09,,1,RT,0
CL01:DF_IR_RAMA(1.0),_T,M,IR,O,2019-M03,117.99,,1,RT,0
CL01:DF_IR_RAMA(1.0),_T,M,IR,P,2019-M03,118.24,,1,RT,0
CL01:DF_IR_RAMA(1.0),_T,M,IR,Q,2019-M03,115.03,,1,RT,0
CL01:DF_IR_RAMA(1.0),_T,M,IR,R,2019-M03,110.6,,1,RT,0
CL01:DF_IR_RAMA(1.0),_T,M,IR,C,2019-M04,114.43,,1,RT,0
CL01:DF_IR_RAMA(1.0),_T,M,IR,D,2019-M04,116.66,,1,RT,0
CL01:DF_IR_RAMA(1.0),_T,M,IR,E,2019-M04,114.55,,1,RT,0
CL01:DF_IR_RAMA(1.0),_T,M,IR,F,2019-M04,118.3,,1,RT,0
CL01:DF_IR_RAMA(1.0),_T,M,IR,G,2019-M04,119.97,,1,RT,0
CL01:DF_IR_RAMA(1.0),_T,M,IR,H,2019-M04,114.52,,1,RT,0
CL01:DF_IR_RAMA(1.0),_T,M,IR,I,2019-M04,114.87,,1,RT,0
CL01:DF_IR_RAMA(1.0),_T,M,IR,J,2019-M04,111.79,,1,RT,0
CL01:DF_IR_RAMA(1.0),_T,M,IR,K,2019-M04,110.39,,1,RT,0
CL01:DF_IR_RAMA(1.0),_T,M,IR,L,2019-M04,116.24,,1,RT,0
CL01:DF_IR_RAMA(1.0),_T,M,IR,M,2019-M04,111.87,,1,RT,0
CL01:DF_IR_RAMA(1.0),_T,M,IR,N,2019-M04,114.21,,1,RT,0
CL01:DF_IR_RAMA(1.0),_T,M,IR,O,2019-M04,117,,1,RT,0
CL01:DF_IR_RAMA(1.0),_T,M,IR,P,2019-M04,118.92,,1,RT,0
CL01:DF_IR_RAMA(1.0),_T,M,IR,Q,2019-M04,116.28,,1,RT,0
CL01:DF_IR_RAMA(1.0),_T,M,IR,R,2019-M04,111.29,,1,RT,0
CL01:DF_IR_RAMA(1.0),_T,M,IR,C,2019-M05,114.65,,1,RT,0
CL01:DF_IR_RAMA(1.0),_T,M,IR,D,2019-M05,114.79,,1,RT,0
CL01:DF_IR_RAMA(1.0),_T,M,IR,E,2019-M05,115.19,,1,RT,0
CL01:DF_IR_RAMA(1.0),_T,M,IR,F,2019-M05,118.95,,1,RT,0
CL01:DF_IR_RAMA(1.0),_T,M,IR,G,2019-M05,118.85,,1,RT,0
CL01:DF_IR_RAMA(1.0),_T,M,IR,H,2019-M05,113.98,,1,RT,0
CL01:DF_IR_RAMA(1.0),_T,M,IR,I,2019-M05,116.09,,1,RT,0
CL01:DF_IR_RAMA(1.0),_T,M,IR,J,2019-M05,111.73,,1,RT,0
CL01:DF_IR_RAMA(1.0),_T,M,IR,K,2019-M05,110.23,,1,RT,0
CL01:DF_IR_RAMA(1.0),_T,M,IR,L,2019-M05,117.06,,1,RT,0
CL01:DF_IR_RAMA(1.0),_T,M,IR,M,2019-M05,111.72,,1,RT,0
CL01:DF_IR_RAMA(1.0),_T,M,IR,N,2019-M05,113.78,,1,RT,0
CL01:DF_IR_RAMA(1.0),_T,M,IR,O,2019-M05,117.09,,1,RT,0
CL01:DF_IR_RAMA(1.0),_T,M,IR,P,2019-M05,118.88,,1,RT,0
CL01:DF_IR_RAMA(1.0),_T,M,IR,Q,2019-M05,116.54,,1,RT,0
CL01:DF_IR_RAMA(1.0),_T,M,IR,R,2019-M05,109.78,,1,RT,0
CL01:DF_IR_RAMA(1.0),_T,M,IR,C,2019-M06,115.41,,1,RT,0
CL01:DF_IR_RAMA(1.0),_T,M,IR,D,2019-M06,116.43,,1,RT,0
CL01:DF_IR_RAMA(1.0),_T,M,IR,E,2019-M06,114.63,,1,RT,0
CL01:DF_IR_RAMA(1.0),_T,M,IR,F,2019-M06,117.57,,1,RT,0
CL01:DF_IR_RAMA(1.0),_T,M,IR,G,2019-M06,117.62,,1,RT,0
CL01:DF_IR_RAMA(1.0),_T,M,IR,H,2019-M06,113.32,,1,RT,0
CL01:DF_IR_RAMA(1.0),_T,M,IR,I,2019-M06,115.17,,1,RT,0
CL01:DF_IR_RAMA(1.0),_T,M,IR,J,2019-M06,111.9,,1,RT,0
CL01:DF_IR_RAMA(1.0),_T,M,IR,K,2019-M06,111.7,,1,RT,0
CL01:DF_IR_RAMA(1.0),_T,M,IR,L,2019-M06,116.68,,1,RT,0
CL01:DF_IR_RAMA(1.0),_T,M,IR,M,2019-M06,111.71,,1,RT,0
CL01:DF_IR_RAMA(1.0),_T,M,IR,N,2019-M06,113.7,,1,RT,0
CL01:DF_IR_RAMA(1.0),_T,M,IR,O,2019-M06,118.1,,1,RT,0
CL01:DF_IR_RAMA(1.0),_T,M,IR,P,2019-M06,119.1,,1,RT,0
CL01:DF_IR_RAMA(1.0),_T,M,IR,Q,2019-M06,117.27,,1,RT,0
CL01:DF_IR_RAMA(1.0),_T,M,IR,R,2019-M06,108.73,,1,RT,0
CL01:DF_IR_RAMA(1.0),_T,M,IR,C,2019-M07,115.58,,1,RT,0
CL01:DF_IR_RAMA(1.0),_T,M,IR,D,2019-M07,116.66,,1,RT,0
CL01:DF_IR_RAMA(1.0),_T,M,IR,E,2019-M07,115.25,,1,RT,0
CL01:DF_IR_RAMA(1.0),_T,M,IR,F,2019-M07,118.5,,1,RT,0
CL01:DF_IR_RAMA(1.0),_T,M,IR,G,2019-M07,119.14,,1,RT,0
CL01:DF_IR_RAMA(1.0),_T,M,IR,H,2019-M07,114.67,,1,RT,0
CL01:DF_IR_RAMA(1.0),_T,M,IR,I,2019-M07,116.89,,1,RT,0
CL01:DF_IR_RAMA(1.0),_T,M,IR,J,2019-M07,112.86,,1,RT,0
CL01:DF_IR_RAMA(1.0),_T,M,IR,K,2019-M07,113.53,,1,RT,0
CL01:DF_IR_RAMA(1.0),_T,M,IR,L,2019-M07,115.79,,1,RT,0
CL01:DF_IR_RAMA(1.0),_T,M,IR,M,2019-M07,112.64,,1,RT,0
CL01:DF_IR_RAMA(1.0),_T,M,IR,N,2019-M07,113.6,,1,RT,0
CL01:DF_IR_RAMA(1.0),_T,M,IR,O,2019-M07,116.96,,1,RT,0
CL01:DF_IR_RAMA(1.0),_T,M,IR,P,2019-M07,119.57,,1,RT,0
CL01:DF_IR_RAMA(1.0),_T,M,IR,Q,2019-M07,117.71,,1,RT,0
CL01:DF_IR_RAMA(1.0),_T,M,IR,R,2019-M07,109.45,,1,RT,0
CL01:DF_IR_RAMA(1.0),_T,M,IR,C,2019-M08,116.18,,1,RT,0
CL01:DF_IR_RAMA(1.0),_T,M,IR,D,2019-M08,117.69,,1,RT,0
CL01:DF_IR_RAMA(1.0),_T,M,IR,E,2019-M08,115.68,,1,RT,0
CL01:DF_IR_RAMA(1.0),_T,M,IR,F,2019-M08,118.35,,1,RT,0
CL01:DF_IR_RAMA(1.0),_T,M,IR,G,2019-M08,120.56,,1,RT,0
CL01:DF_IR_RAMA(1.0),_T,M,IR,H,2019-M08,114.98,,1,RT,0
CL01:DF_IR_RAMA(1.0),_T,M,IR,I,2019-M08,116.83,,1,RT,0
CL01:DF_IR_RAMA(1.0),_T,M,IR,J,2019-M08,112.31,,1,RT,0
CL01:DF_IR_RAMA(1.0),_T,M,IR,K,2019-M08,113.27,,1,RT,0
CL01:DF_IR_RAMA(1.0),_T,M,IR,L,2019-M08,117.58,,1,RT,0
CL01:DF_IR_RAMA(1.0),_T,M,IR,M,2019-M08,112.83,,1,RT,0
CL01:DF_IR_RAMA(1.0),_T,M,IR,N,2019-M08,113.92,,1,RT,0
CL01:DF_IR_RAMA(1.0),_T,M,IR,O,2019-M08,116.99,,1,RT,0
CL01:DF_IR_RAMA(1.0),_T,M,IR,P,2019-M08,119.15,,1,RT,0
CL01:DF_IR_RAMA(1.0),_T,M,IR,Q,2019-M08,117.57,,1,RT,0
CL01:DF_IR_RAMA(1.0),_T,M,IR,R,2019-M08,109.49,,1,RT,0
CL01:DF_IR_RAMA(1.0),_T,M,IR,C,2019-M09,116.14,,1,RT,0
CL01:DF_IR_RAMA(1.0),_T,M,IR,D,2019-M09,118.78,,1,RT,0
CL01:DF_IR_RAMA(1.0),_T,M,IR,E,2019-M09,114.99,,1,RT,0
CL01:DF_IR_RAMA(1.0),_T,M,IR,F,2019-M09,119.33,,1,RT,0
CL01:DF_IR_RAMA(1.0),_T,M,IR,G,2019-M09,119.4,,1,RT,0
CL01:DF_IR_RAMA(1.0),_T,M,IR,H,2019-M09,115.79,,1,RT,0
CL01:DF_IR_RAMA(1.0),_T,M,IR,I,2019-M09,118.69,,1,RT,0
CL01:DF_IR_RAMA(1.0),_T,M,IR,J,2019-M09,112.52,,1,RT,0
CL01:DF_IR_RAMA(1.0),_T,M,IR,K,2019-M09,114.58,,1,RT,0
CL01:DF_IR_RAMA(1.0),_T,M,IR,L,2019-M09,117.04,,1,RT,0
CL01:DF_IR_RAMA(1.0),_T,M,IR,M,2019-M09,112.28,,1,RT,0
CL01:DF_IR_RAMA(1.0),_T,M,IR,N,2019-M09,114.45,,1,RT,0
CL01:DF_IR_RAMA(1.0),_T,M,IR,O,2019-M09,117.4,,1,RT,0
CL01:DF_IR_RAMA(1.0),_T,M,IR,P,2019-M09,118.99,,1,RT,0
CL01:DF_IR_RAMA(1.0),_T,M,IR,Q,2019-M09,117.36,,1,RT,0
CL01:DF_IR_RAMA(1.0),_T,M,IR,R,2019-M09,110.75,,1,RT,0
CL01:DF_IR_RAMA(1.0),_T,M,IR,C,2019-M10,115.85,,1,RT,0
CL01:DF_IR_RAMA(1.0),_T,M,IR,D,2019-M10,117.16,,1,RT,0
CL01:DF_IR_RAMA(1.0),_T,M,IR,E,2019-M10,116.26,,1,RT,0
CL01:DF_IR_RAMA(1.0),_T,M,IR,F,2019-M10,119.19,,1,RT,0
CL01:DF_IR_RAMA(1.0),_T,M,IR,G,2019-M10,120.82,,1,RT,0
CL01:DF_IR_RAMA(1.0),_T,M,IR,H,2019-M10,116.28,,1,RT,0
CL01:DF_IR_RAMA(1.0),_T,M,IR,I,2019-M10,118.21,,1,RT,0
CL01:DF_IR_RAMA(1.0),_T,M,IR,J,2019-M10,113.43,,1,RT,0
CL01:DF_IR_RAMA(1.0),_T,M,IR,K,2019-M10,113.69,,1,RT,0
CL01:DF_IR_RAMA(1.0),_T,M,IR,L,2019-M10,117.19,,1,RT,0
CL01:DF_IR_RAMA(1.0),_T,M,IR,M,2019-M10,112.64,,1,RT,0
CL01:DF_IR_RAMA(1.0),_T,M,IR,N,2019-M10,114.08,,1,RT,0
CL01:DF_IR_RAMA(1.0),_T,M,IR,O,2019-M10,117.28,,1,RT,0
CL01:DF_IR_RAMA(1.0),_T,M,IR,P,2019-M10,118.63,,1,RT,0
CL01:DF_IR_RAMA(1.0),_T,M,IR,Q,2019-M10,118.09,,1,RT,0
CL01:DF_IR_RAMA(1.0),_T,M,IR,R,2019-M10,110.05,,1,RT,0
CL01:DF_IR_RAMA(1.0),_T,M,IR,C,2019-M11,115.67,,1,RT,0
CL01:DF_IR_RAMA(1.0),_T,M,IR,D,2019-M11,117.22,,1,RT,0
CL01:DF_IR_RAMA(1.0),_T,M,IR,E,2019-M11,118.49,,1,RT,0
CL01:DF_IR_RAMA(1.0),_T,M,IR,F,2019-M11,120.24,,1,RT,0
CL01:DF_IR_RAMA(1.0),_T,M,IR,G,2019-M11,120.51,,1,RT,0
CL01:DF_IR_RAMA(1.0),_T,M,IR,H,2019-M11,116.18,,1,RT,0
CL01:DF_IR_RAMA(1.0),_T,M,IR,I,2019-M11,119.14,,1,RT,0
CL01:DF_IR_RAMA(1.0),_T,M,IR,J,2019-M11,112.6,,1,RT,0
CL01:DF_IR_RAMA(1.0),_T,M,IR,K,2019-M11,114.89,,1,RT,0
CL01:DF_IR_RAMA(1.0),_T,M,IR,L,2019-M11,116.45,,1,RT,0
CL01:DF_IR_RAMA(1.0),_T,M,IR,M,2019-M11,112.18,,1,RT,0
CL01:DF_IR_RAMA(1.0),_T,M,IR,N,2019-M11,114.89,,1,RT,0
CL01:DF_IR_RAMA(1.0),_T,M,IR,O,2019-M11,117.2,,1,RT,0
CL01:DF_IR_RAMA(1.0),_T,M,IR,P,2019-M11,119.11,,1,RT,0
CL01:DF_IR_RAMA(1.0),_T,M,IR,Q,2019-M11,118.16,,1,RT,0
CL01:DF_IR_RAMA(1.0),_T,M,IR,R,2019-M11,110.2,,1,RT,0
CL01:DF_IR_RAMA(1.0),_T,M,IR,C,2019-M12,117.03,,1,RT,0
CL01:DF_IR_RAMA(1.0),_T,M,IR,D,2019-M12,117.67,,1,RT,0
CL01:DF_IR_RAMA(1.0),_T,M,IR,E,2019-M12,114.53,,1,RT,0
CL01:DF_IR_RAMA(1.0),_T,M,IR,F,2019-M12,120.42,,1,RT,0
CL01:DF_IR_RAMA(1.0),_T,M,IR,G,2019-M12,123.02,,1,RT,0
CL01:DF_IR_RAMA(1.0),_T,M,IR,H,2019-M12,117.47,,1,RT,0
CL01:DF_IR_RAMA(1.0),_T,M,IR,I,2019-M12,118.67,,1,RT,0
CL01:DF_IR_RAMA(1.0),_T,M,IR,J,2019-M12,113.3,,1,RT,0
CL01:DF_IR_RAMA(1.0),_T,M,IR,K,2019-M12,115.68,,1,RT,0
CL01:DF_IR_RAMA(1.0),_T,M,IR,L,2019-M12,117.34,,1,RT,0
CL01:DF_IR_RAMA(1.0),_T,M,IR,M,2019-M12,112.51,,1,RT,0
CL01:DF_IR_RAMA(1.0),_T,M,IR,N,2019-M12,114.2,,1,RT,0
CL01:DF_IR_RAMA(1.0),_T,M,IR,O,2019-M12,119.78,,1,RT,0
CL01:DF_IR_RAMA(1.0),_T,M,IR,P,2019-M12,121.25,,1,RT,0
CL01:DF_IR_RAMA(1.0),_T,M,IR,Q,2019-M12,118.04,,1,RT,0
CL01:DF_IR_RAMA(1.0),_T,M,IR,R,2019-M12,111.38,,1,RT,0
CL01:DF_IR_RAMA(1.0),_T,M,IR,C,2020-M01,118.63,,1,RT,0
CL01:DF_IR_RAMA(1.0),_T,M,IR,D,2020-M01,118.98,,1,RT,0
CL01:DF_IR_RAMA(1.0),_T,M,IR,E,2020-M01,116.19,,1,RT,0
CL01:DF_IR_RAMA(1.0),_T,M,IR,F,2020-M01,120.73,,1,RT,0
CL01:DF_IR_RAMA(1.0),_T,M,IR,G,2020-M01,124.82,,1,RT,0
CL01:DF_IR_RAMA(1.0),_T,M,IR,H,2020-M01,118.21,,1,RT,0
CL01:DF_IR_RAMA(1.0),_T,M,IR,I,2020-M01,120.22,,1,RT,0
CL01:DF_IR_RAMA(1.0),_T,M,IR,J,2020-M01,113.61,,1,RT,0
CL01:DF_IR_RAMA(1.0),_T,M,IR,K,2020-M01,116.81,,1,RT,0
CL01:DF_IR_RAMA(1.0),_T,M,IR,L,2020-M01,118.53,,1,RT,0
CL01:DF_IR_RAMA(1.0),_T,M,IR,M,2020-M01,116.06,,1,RT,0
CL01:DF_IR_RAMA(1.0),_T,M,IR,N,2020-M01,115.21,,1,RT,0
CL01:DF_IR_RAMA(1.0),_T,M,IR,O,2020-M01,119.97,,1,RT,0
CL01:DF_IR_RAMA(1.0),_T,M,IR,P,2020-M01,120.55,,1,RT,0
CL01:DF_IR_RAMA(1.0),_T,M,IR,Q,2020-M01,119.45,,1,RT,0
CL01:DF_IR_RAMA(1.0),_T,M,IR,R,2020-M01,112.74,,1,RT,0
CL01:DF_IR_RAMA(1.0),_T,M,IR,C,2020-M02,117.96,,1,RT,0
CL01:DF_IR_RAMA(1.0),_T,M,IR,D,2020-M02,119.92,,1,RT,0
CL01:DF_IR_RAMA(1.0),_T,M,IR,E,2020-M02,117.93,,1,RT,0
CL01:DF_IR_RAMA(1.0),_T,M,IR,F,2020-M02,120.43,,1,RT,0
CL01:DF_IR_RAMA(1.0),_T,M,IR,G,2020-M02,122.78,,1,RT,0
CL01:DF_IR_RAMA(1.0),_T,M,IR,H,2020-M02,119.72,,1,RT,0
CL01:DF_IR_RAMA(1.0),_T,M,IR,I,2020-M02,120.21,,1,RT,0
CL01:DF_IR_RAMA(1.0),_T,M,IR,J,2020-M02,113.25,,1,RT,0
CL01:DF_IR_RAMA(1.0),_T,M,IR,K,2020-M02,117.71,,1,RT,0
CL01:DF_IR_RAMA(1.0),_T,M,IR,L,2020-M02,118.64,,1,RT,0
CL01:DF_IR_RAMA(1.0),_T,M,IR,M,2020-M02,116.47,,1,RT,0
CL01:DF_IR_RAMA(1.0),_T,M,IR,N,2020-M02,115.37,,1,RT,0
CL01:DF_IR_RAMA(1.0),_T,M,IR,O,2020-M02,120.22,,1,RT,0
CL01:DF_IR_RAMA(1.0),_T,M,IR,P,2020-M02,119.83,,1,RT,0
CL01:DF_IR_RAMA(1.0),_T,M,IR,Q,2020-M02,119.42,,1,RT,0
CL01:DF_IR_RAMA(1.0),_T,M,IR,R,2020-M02,113.52,,1,RT,0
CL01:DF_IR_RAMA(1.0),_T,M,IR,C,2020-M03,120.27,,1,RT,0
CL01:DF_IR_RAMA(1.0),_T,M,IR,D,2020-M03,122.33,,1,RT,0
CL01:DF_IR_RAMA(1.0),_T,M,IR,E,2020-M03,118.58,,1,RT,0
CL01:DF_IR_RAMA(1.0),_T,M,IR,F,2020-M03,122.34,,1,RT,0
CL01:DF_IR_RAMA(1.0),_T,M,IR,G,2020-M03,124.4,,1,RT,0
CL01:DF_IR_RAMA(1.0),_T,M,IR,H,2020-M03,121.57,,1,RT,0
CL01:DF_IR_RAMA(1.0),_T,M,IR,I,2020-M03,122.81,,1,RT,0
CL01:DF_IR_RAMA(1.0),_T,M,IR,J,2020-M03,113.81,,1,RT,0
CL01:DF_IR_RAMA(1.0),_T,M,IR,K,2020-M03,117.31,,1,RT,0
CL01:DF_IR_RAMA(1.0),_T,M,IR,L,2020-M03,120.49,,1,RT,0
CL01:DF_IR_RAMA(1.0),_T,M,IR,M,2020-M03,116.57,,1,RT,0
CL01:DF_IR_RAMA(1.0),_T,M,IR,N,2020-M03,116.89,,1,RT,0
CL01:DF_IR_RAMA(1.0),_T,M,IR,O,2020-M03,121.12,,1,RT,0
CL01:DF_IR_RAMA(1.0),_T,M,IR,P,2020-M03,122.09,,1,RT,0
CL01:DF_IR_RAMA(1.0),_T,M,IR,Q,2020-M03,120.33,,1,RT,0
CL01:DF_IR_RAMA(1.0),_T,M,IR,R,2020-M03,114.2,,1,RT,0
CL01:DF_IR_RAMA(1.0),_T,M,IR,C,2020-M04,120.35,,1,RT,0
CL01:DF_IR_RAMA(1.0),_T,M,IR,D,2020-M04,123.27,,1,RT,0
CL01:DF_IR_RAMA(1.0),_T,M,IR,E,2020-M04,120.37,,1,RT,0
CL01:DF_IR_RAMA(1.0),_T,M,IR,F,2020-M04,119.78,,1,RT,0
CL01:DF_IR_RAMA(1.0),_T,M,IR,G,2020-M04,121.5,,1,RT,0
CL01:DF_IR_RAMA(1.0),_T,M,IR,H,2020-M04,115.69,,1,RT,0
CL01:DF_IR_RAMA(1.0),_T,M,IR,I,2020-M04,122.69,,1,RT,0
CL01:DF_IR_RAMA(1.0),_T,M,IR,J,2020-M04,112.88,,1,RT,0
CL01:DF_IR_RAMA(1.0),_T,M,IR,K,2020-M04,115.52,,1,RT,0
CL01:DF_IR_RAMA(1.0),_T,M,IR,L,2020-M04,116.6,,1,RT,0
CL01:DF_IR_RAMA(1.0),_T,M,IR,M,2020-M04,113.2,,1,RT,0
CL01:DF_IR_RAMA(1.0),_T,M,IR,N,2020-M04,115.46,,1,RT,0
CL01:DF_IR_RAMA(1.0),_T,M,IR,O,2020-M04,120.57,,1,RT,0
CL01:DF_IR_RAMA(1.0),_T,M,IR,P,2020-M04,121.75,,1,RT,0
CL01:DF_IR_RAMA(1.0),_T,M,IR,Q,2020-M04,121.83,,1,RT,0
CL01:DF_IR_RAMA(1.0),_T,M,IR,R,2020-M04,114.4,,1,RT,0
CL01:DF_IR_RAMA(1.0),_T,M,IR,C,2020-M05,120.27,,1,RT,0
CL01:DF_IR_RAMA(1.0),_T,M,IR,D,2020-M05,123.26,,1,RT,0
CL01:DF_IR_RAMA(1.0),_T,M,IR,E,2020-M05,121.42,,1,RT,0
CL01:DF_IR_RAMA(1.0),_T,M,IR,F,2020-M05,119.87,,1,RT,0
CL01:DF_IR_RAMA(1.0),_T,M,IR,G,2020-M05,122.34,,1,RT,0
CL01:DF_IR_RAMA(1.0),_T,M,IR,H,2020-M05,112.6,,1,RT,0
CL01:DF_IR_RAMA(1.0),_T,M,IR,I,2020-M05,120.67,,1,RT,0
CL01:DF_IR_RAMA(1.0),_T,M,IR,J,2020-M05,112.1,,1,RT,0
CL01:DF_IR_RAMA(1.0),_T,M,IR,K,2020-M05,113.91,,1,RT,0
CL01:DF_IR_RAMA(1.0),_T,M,IR,L,2020-M05,116.05,,1,RT,0
CL01:DF_IR_RAMA(1.0),_T,M,IR,M,2020-M05,113.25,,1,RT,0
CL01:DF_IR_RAMA(1.0),_T,M,IR,N,2020-M05,115.94,,1,RT,0
CL01:DF_IR_RAMA(1.0),_T,M,IR,O,2020-M05,120.21,,1,RT,0
CL01:DF_IR_RAMA(1.0),_T,M,IR,P,2020-M05,122.25,,1,RT,0
CL01:DF_IR_RAMA(1.0),_T,M,IR,Q,2020-M05,121.08,,1,RT,0
CL01:DF_IR_RAMA(1.0),_T,M,IR,R,2020-M05,113.25,,1,RT,0
CL01:DF_IR_RAMA(1.0),_T,M,IR,C,2020-M06,120.35,,1,RT,0
CL01:DF_IR_RAMA(1.0),_T,M,IR,D,2020-M06,122.06,,1,RT,0
CL01:DF_IR_RAMA(1.0),_T,M,IR,E,2020-M06,121.1,,1,RT,0
CL01:DF_IR_RAMA(1.0),_T,M,IR,F,2020-M06,119.61,,1,RT,0
CL01:DF_IR_RAMA(1.0),_T,M,IR,G,2020-M06,121.49,,1,RT,0
CL01:DF_IR_RAMA(1.0),_T,M,IR,H,2020-M06,112.78,,1,RT,0
CL01:DF_IR_RAMA(1.0),_T,M,IR,I,2020-M06,122.5,,1,RT,0
CL01:DF_IR_RAMA(1.0),_T,M,IR,J,2020-M06,112.89,,1,RT,0
CL01:DF_IR_RAMA(1.0),_T,M,IR,K,2020-M06,113.61,,1,RT,0
CL01:DF_IR_RAMA(1.0),_T,M,IR,L,2020-M06,116.44,,1,RT,0
CL01:DF_IR_RAMA(1.0),_T,M,IR,M,2020-M06,113.29,,1,RT,0
CL01:DF_IR_RAMA(1.0),_T,M,IR,N,2020-M06,116.03,,1,RT,0
CL01:DF_IR_RAMA(1.0),_T,M,IR,O,2020-M06,121.52,,1,RT,0
CL01:DF_IR_RAMA(1.0),_T,M,IR,P,2020-M06,122.38,,1,RT,0
CL01:DF_IR_RAMA(1.0),_T,M,IR,Q,2020-M06,121.87,,1,RT,0
CL01:DF_IR_RAMA(1.0),_T,M,IR,R,2020-M06,112.6,,1,RT,0
CL01:DF_IR_RAMA(1.0),_T,M,IR,C,2020-M07,120.16,,1,RT,0
CL01:DF_IR_RAMA(1.0),_T,M,IR,D,2020-M07,122.87,,1,RT,0
CL01:DF_IR_RAMA(1.0),_T,M,IR,E,2020-M07,120.92,,1,RT,0
CL01:DF_IR_RAMA(1.0),_T,M,IR,F,2020-M07,120.94,,1,RT,0
CL01:DF_IR_RAMA(1.0),_T,M,IR,G,2020-M07,123.48,,1,RT,0
CL01:DF_IR_RAMA(1.0),_T,M,IR,H,2020-M07,116.71,,1,RT,0
CL01:DF_IR_RAMA(1.0),_T,M,IR,I,2020-M07,122.08,,1,RT,0
CL01:DF_IR_RAMA(1.0),_T,M,IR,J,2020-M07,113.09,,1,RT,0
CL01:DF_IR_RAMA(1.0),_T,M,IR,K,2020-M07,115.4,,1,RT,0
CL01:DF_IR_RAMA(1.0),_T,M,IR,L,2020-M07,116.95,,1,RT,0
CL01:DF_IR_RAMA(1.0),_T,M,IR,M,2020-M07,114.56,,1,RT,0
CL01:DF_IR_RAMA(1.0),_T,M,IR,N,2020-M07,116.64,,1,RT,0
CL01:DF_IR_RAMA(1.0),_T,M,IR,O,2020-M07,120.15,,1,RT,0
CL01:DF_IR_RAMA(1.0),_T,M,IR,P,2020-M07,122.9,,1,RT,0
CL01:DF_IR_RAMA(1.0),_T,M,IR,Q,2020-M07,121.71,,1,RT,0
CL01:DF_IR_RAMA(1.0),_T,M,IR,R,2020-M07,113.75,,1,RT,0
CL01:DF_IR_RAMA(1.0),_T,M,IR,C,2020-M08,120.11,,1,RT,0
CL01:DF_IR_RAMA(1.0),_T,M,IR,D,2020-M08,122.4,,1,RT,0
CL01:DF_IR_RAMA(1.0),_T,M,IR,E,2020-M08,119.65,,1,RT,0
CL01:DF_IR_RAMA(1.0),_T,M,IR,F,2020-M08,121.12,,1,RT,0
CL01:DF_IR_RAMA(1.0),_T,M,IR,G,2020-M08,125.99,,1,RT,0
CL01:DF_IR_RAMA(1.0),_T,M,IR,H,2020-M08,115.75,,1,RT,0
CL01:DF_IR_RAMA(1.0),_T,M,IR,I,2020-M08,121.47,,1,RT,0
CL01:DF_IR_RAMA(1.0),_T,M,IR,J,2020-M08,114.68,,1,RT,0
CL01:DF_IR_RAMA(1.0),_T,M,IR,K,2020-M08,114.32,,1,RT,0
CL01:DF_IR_RAMA(1.0),_T,M,IR,L,2020-M08,117.14,,1,RT,0
CL01:DF_IR_RAMA(1.0),_T,M,IR,M,2020-M08,114.46,,1,RT,0
CL01:DF_IR_RAMA(1.0),_T,M,IR,N,2020-M08,116,,1,RT,0
CL01:DF_IR_RAMA(1.0),_T,M,IR,O,2020-M08,120.27,,1,RT,0
CL01:DF_IR_RAMA(1.0),_T,M,IR,P,2020-M08,122.73,,1,RT,0
CL01:DF_IR_RAMA(1.0),_T,M,IR,Q,2020-M08,122.72,,1,RT,0
CL01:DF_IR_RAMA(1.0),_T,M,IR,R,2020-M08,113.17,,1,RT,0
CL01:DF_IR_RAMA(1.0),_T,M,IR,C,2020-M09,121.39,,1,RT,0
CL01:DF_IR_RAMA(1.0),_T,M,IR,D,2020-M09,122.83,,1,RT,0
CL01:DF_IR_RAMA(1.0),_T,M,IR,E,2020-M09,118.48,,1,RT,0
CL01:DF_IR_RAMA(1.0),_T,M,IR,F,2020-M09,121.97,,1,RT,0
CL01:DF_IR_RAMA(1.0),_T,M,IR,G,2020-M09,128.92,,1,RT,0
CL01:DF_IR_RAMA(1.0),_T,M,IR,H,2020-M09,117.47,,1,RT,0
CL01:DF_IR_RAMA(1.0),_T,M,IR,I,2020-M09,122.54,,1,RT,0
CL01:DF_IR_RAMA(1.0),_T,M,IR,J,2020-M09,114.96,,1,RT,0
CL01:DF_IR_RAMA(1.0),_T,M,IR,K,2020-M09,114.68,,1,RT,0
CL01:DF_IR_RAMA(1.0),_T,M,IR,L,2020-M09,118.17,,1,RT,0
CL01:DF_IR_RAMA(1.0),_T,M,IR,M,2020-M09,116.4,,1,RT,0
CL01:DF_IR_RAMA(1.0),_T,M,IR,N,2020-M09,117.04,,1,RT,0
CL01:DF_IR_RAMA(1.0),_T,M,IR,O,2020-M09,120.59,,1,RT,0
CL01:DF_IR_RAMA(1.0),_T,M,IR,P,2020-M09,122.8,,1,RT,0
CL01:DF_IR_RAMA(1.0),_T,M,IR,Q,2020-M09,123.04,,1,RT,0
CL01:DF_IR_RAMA(1.0),_T,M,IR,R,2020-M09,113.86,,1,RT,0
CL01:DF_IR_RAMA(1.0),_T,M,IR,C,2020-M10,121.11,,1,RT,0
CL01:DF_IR_RAMA(1.0),_T,M,IR,D,2020-M10,123.17,,1,RT,0
CL01:DF_IR_RAMA(1.0),_T,M,IR,E,2020-M10,119.2,,1,RT,0
CL01:DF_IR_RAMA(1.0),_T,M,IR,F,2020-M10,122.34,,1,RT,0
CL01:DF_IR_RAMA(1.0),_T,M,IR,G,2020-M10,129.19,,1,RT,0
CL01:DF_IR_RAMA(1.0),_T,M,IR,H,2020-M10,118.78,,1,RT,0
CL01:DF_IR_RAMA(1.0),_T,M,IR,I,2020-M10,123.07,,1,RT,0
CL01:DF_IR_RAMA(1.0),_T,M,IR,J,2020-M10,118.06,,1,RT,0
CL01:DF_IR_RAMA(1.0),_T,M,IR,K,2020-M10,114.81,,1,RT,0
CL01:DF_IR_RAMA(1.0),_T,M,IR,L,2020-M10,119.81,,1,RT,0
CL01:DF_IR_RAMA(1.0),_T,M,IR,M,2020-M10,117.8,,1,RT,0
CL01:DF_IR_RAMA(1.0),_T,M,IR,N,2020-M10,118.06,,1,RT,0
CL01:DF_IR_RAMA(1.0),_T,M,IR,O,2020-M10,120.41,,1,RT,0
CL01:DF_IR_RAMA(1.0),_T,M,IR,P,2020-M10,122.96,,1,RT,0
CL01:DF_IR_RAMA(1.0),_T,M,IR,Q,2020-M10,124.63,,1,RT,0
CL01:DF_IR_RAMA(1.0),_T,M,IR,R,2020-M10,113.77,,1,RT,0
CL01:DF_IR_RAMA(1.0),_T,M,IR,C,2020-M11,121.45,,1,RT,0
CL01:DF_IR_RAMA(1.0),_T,M,IR,D,2020-M11,125.04,,1,RT,0
CL01:DF_IR_RAMA(1.0),_T,M,IR,E,2020-M11,120.5,,1,RT,0
CL01:DF_IR_RAMA(1.0),_T,M,IR,F,2020-M11,123.36,,1,RT,0
CL01:DF_IR_RAMA(1.0),_T,M,IR,G,2020-M11,131.88,,1,RT,0
CL01:DF_IR_RAMA(1.0),_T,M,IR,H,2020-M11,118.62,,1,RT,0
CL01:DF_IR_RAMA(1.0),_T,M,IR,I,2020-M11,124.01,,1,RT,0
CL01:DF_IR_RAMA(1.0),_T,M,IR,J,2020-M11,119.56,,1,RT,0
CL01:DF_IR_RAMA(1.0),_T,M,IR,K,2020-M11,115.88,,1,RT,0
CL01:DF_IR_RAMA(1.0),_T,M,IR,L,2020-M11,121.22,,1,RT,0
CL01:DF_IR_RAMA(1.0),_T,M,IR,M,2020-M11,119.1,,1,RT,0
CL01:DF_IR_RAMA(1.0),_T,M,IR,N,2020-M11,118.38,,1,RT,0
CL01:DF_IR_RAMA(1.0),_T,M,IR,O,2020-M11,120.37,,1,RT,0
CL01:DF_IR_RAMA(1.0),_T,M,IR,P,2020-M11,123.12,,1,RT,0
CL01:DF_IR_RAMA(1.0),_T,M,IR,Q,2020-M11,124.99,,1,RT,0
CL01:DF_IR_RAMA(1.0),_T,M,IR,R,2020-M11,115.35,,1,RT,0
CL01:DF_IR_RAMA(1.0),_T,M,IR,C,2020-M12,122.44,,1,RT,0
CL01:DF_IR_RAMA(1.0),_T,M,IR,D,2020-M12,121.93,,1,RT,0
CL01:DF_IR_RAMA(1.0),_T,M,IR,E,2020-M12,119.41,,1,RT,0
CL01:DF_IR_RAMA(1.0),_T,M,IR,F,2020-M12,124.26,,1,RT,0
CL01:DF_IR_RAMA(1.0),_T,M,IR,G,2020-M12,130.84,,1,RT,0
CL01:DF_IR_RAMA(1.0),_T,M,IR,H,2020-M12,120.26,,1,RT,0
CL01:DF_IR_RAMA(1.0),_T,M,IR,I,2020-M12,124.95,,1,RT,0
CL01:DF_IR_RAMA(1.0),_T,M,IR,J,2020-M12,118.31,,1,RT,0
CL01:DF_IR_RAMA(1.0),_T,M,IR,K,2020-M12,116.92,,1,RT,0
CL01:DF_IR_RAMA(1.0),_T,M,IR,L,2020-M12,119.42,,1,RT,0
CL01:DF_IR_RAMA(1.0),_T,M,IR,M,2020-M12,119.56,,1,RT,0
CL01:DF_IR_RAMA(1.0),_T,M,IR,N,2020-M12,119.24,,1,RT,0
CL01:DF_IR_RAMA(1.0),_T,M,IR,O,2020-M12,121.52,,1,RT,0
CL01:DF_IR_RAMA(1.0),_T,M,IR,P,2020-M12,124.64,,1,RT,0
CL01:DF_IR_RAMA(1.0),_T,M,IR,Q,2020-M12,124.15,,1,RT,0
CL01:DF_IR_RAMA(1.0),_T,M,IR,R,2020-M12,116.12,,1,RT,0
CL01:DF_IR_RAMA(1.0),_T,M,IR,C,2021-M01,123.43,,1,RT,0
CL01:DF_IR_RAMA(1.0),_T,M,IR,D,2021-M01,122.88,,1,RT,0
CL01:DF_IR_RAMA(1.0),_T,M,IR,E,2021-M01,123.69,,1,RT,0
CL01:DF_IR_RAMA(1.0),_T,M,IR,F,2021-M01,124.84,,1,RT,0
CL01:DF_IR_RAMA(1.0),_T,M,IR,G,2021-M01,132.31,,1,RT,0
CL01:DF_IR_RAMA(1.0),_T,M,IR,H,2021-M01,123.14,,1,RT,0
CL01:DF_IR_RAMA(1.0),_T,M,IR,I,2021-M01,126.04,,1,RT,0
CL01:DF_IR_RAMA(1.0),_T,M,IR,J,2021-M01,120.78,,1,RT,0
CL01:DF_IR_RAMA(1.0),_T,M,IR,K,2021-M01,116.77,,1,RT,0
CL01:DF_IR_RAMA(1.0),_T,M,IR,L,2021-M01,120.44,,1,RT,0
CL01:DF_IR_RAMA(1.0),_T,M,IR,M,2021-M01,120.72,,1,RT,0
CL01:DF_IR_RAMA(1.0),_T,M,IR,N,2021-M01,120.59,,1,RT,0
CL01:DF_IR_RAMA(1.0),_T,M,IR,O,2021-M01,122.55,,1,RT,0
CL01:DF_IR_RAMA(1.0),_T,M,IR,P,2021-M01,126.27,,1,RT,0
CL01:DF_IR_RAMA(1.0),_T,M,IR,Q,2021-M01,126.43,,1,RT,0
CL01:DF_IR_RAMA(1.0),_T,M,IR,R,2021-M01,117.26,,1,RT,0
CL01:DF_IR_RAMA(1.0),_T,M,IR,C,2021-M02,123.61,,1,RT,0
CL01:DF_IR_RAMA(1.0),_T,M,IR,D,2021-M02,122.16,,1,RT,0
CL01:DF_IR_RAMA(1.0),_T,M,IR,E,2021-M02,123.36,,1,RT,0
CL01:DF_IR_RAMA(1.0),_T,M,IR,F,2021-M02,126.08,,1,RT,0
CL01:DF_IR_RAMA(1.0),_T,M,IR,G,2021-M02,130.05,,1,RT,0
CL01:DF_IR_RAMA(1.0),_T,M,IR,H,2021-M02,123.32,,1,RT,0
CL01:DF_IR_RAMA(1.0),_T,M,IR,I,2021-M02,124.97,,1,RT,0
CL01:DF_IR_RAMA(1.0),_T,M,IR,J,2021-M02,119.3,,1,RT,0
CL01:DF_IR_RAMA(1.0),_T,M,IR,K,2021-M02,118.49,,1,RT,0
CL01:DF_IR_RAMA(1.0),_T,M,IR,L,2021-M02,121.27,,1,RT,0
CL01:DF_IR_RAMA(1.0),_T,M,IR,M,2021-M02,119.77,,1,RT,0
CL01:DF_IR_RAMA(1.0),_T,M,IR,N,2021-M02,120.79,,1,RT,0
CL01:DF_IR_RAMA(1.0),_T,M,IR,O,2021-M02,122.38,,1,RT,0
CL01:DF_IR_RAMA(1.0),_T,M,IR,P,2021-M02,124.78,,1,RT,0
CL01:DF_IR_RAMA(1.0),_T,M,IR,Q,2021-M02,126.2,,1,RT,0
CL01:DF_IR_RAMA(1.0),_T,M,IR,R,2021-M02,119.48,,1,RT,0
CL01:DF_IR_RAMA(1.0),_T,M,IR,C,2021-M03,125.18,,1,RT,0
CL01:DF_IR_RAMA(1.0),_T,M,IR,D,2021-M03,125.01,,1,RT,0
CL01:DF_IR_RAMA(1.0),_T,M,IR,E,2021-M03,122.27,,1,RT,0
CL01:DF_IR_RAMA(1.0),_T,M,IR,F,2021-M03,127.63,,1,RT,0
CL01:DF_IR_RAMA(1.0),_T,M,IR,G,2021-M03,132.64,,1,RT,0
CL01:DF_IR_RAMA(1.0),_T,M,IR,H,2021-M03,124.2,,1,RT,0
CL01:DF_IR_RAMA(1.0),_T,M,IR,I,2021-M03,127.58,,1,RT,0
CL01:DF_IR_RAMA(1.0),_T,M,IR,J,2021-M03,120.47,,1,RT,0
CL01:DF_IR_RAMA(1.0),_T,M,IR,K,2021-M03,119.58,,1,RT,0
CL01:DF_IR_RAMA(1.0),_T,M,IR,L,2021-M03,123.43,,1,RT,0
CL01:DF_IR_RAMA(1.0),_T,M,IR,M,2021-M03,120.53,,1,RT,0
CL01:DF_IR_RAMA(1.0),_T,M,IR,N,2021-M03,121.36,,1,RT,0
CL01:DF_IR_RAMA(1.0),_T,M,IR,O,2021-M03,123.88,,1,RT,0
CL01:DF_IR_RAMA(1.0),_T,M,IR,P,2021-M03,127.32,,1,RT,0
CL01:DF_IR_RAMA(1.0),_T,M,IR,Q,2021-M03,127.88,,1,RT,0
CL01:DF_IR_RAMA(1.0),_T,M,IR,R,2021-M03,122.2,,1,RT,0
CL01:DF_IR_RAMA(1.0),_T,M,IR,C,2021-M04,126.09,,1,RT,0
CL01:DF_IR_RAMA(1.0),_T,M,IR,D,2021-M04,124.79,,1,RT,0
CL01:DF_IR_RAMA(1.0),_T,M,IR,E,2021-M04,122.88,,1,RT,0
CL01:DF_IR_RAMA(1.0),_T,M,IR,F,2021-M04,129.12,,1,RT,0
CL01:DF_IR_RAMA(1.0),_T,M,IR,G,2021-M04,130.29,,1,RT,0
CL01:DF_IR_RAMA(1.0),_T,M,IR,H,2021-M04,124.23,,1,RT,0
CL01:DF_IR_RAMA(1.0),_T,M,IR,I,2021-M04,126.4,,1,RT,0
CL01:DF_IR_RAMA(1.0),_T,M,IR,J,2021-M04,121.48,,1,RT,0
CL01:DF_IR_RAMA(1.0),_T,M,IR,K,2021-M04,119.52,,1,RT,0
CL01:DF_IR_RAMA(1.0),_T,M,IR,L,2021-M04,122.4,,1,RT,0
CL01:DF_IR_RAMA(1.0),_T,M,IR,M,2021-M04,120.83,,1,RT,0
CL01:DF_IR_RAMA(1.0),_T,M,IR,N,2021-M04,123.15,,1,RT,0
CL01:DF_IR_RAMA(1.0),_T,M,IR,O,2021-M04,122.71,,1,RT,0
CL01:DF_IR_RAMA(1.0),_T,M,IR,P,2021-M04,126.9,,1,RT,0
CL01:DF_IR_RAMA(1.0),_T,M,IR,Q,2021-M04,127.31,,1,RT,0
CL01:DF_IR_RAMA(1.0),_T,M,IR,R,2021-M04,123.5,,1,RT,0
CL01:DF_IR_RAMA(1.0),_T,M,IR,C,2021-M05,124.54,,1,RT,0
CL01:DF_IR_RAMA(1.0),_T,M,IR,D,2021-M05,125.54,,1,RT,0
CL01:DF_IR_RAMA(1.0),_T,M,IR,E,2021-M05,128.9,,1,RT,0
CL01:DF_IR_RAMA(1.0),_T,M,IR,F,2021-M05,129.79,,1,RT,0
CL01:DF_IR_RAMA(1.0),_T,M,IR,G,2021-M05,130.41,,1,RT,0
CL01:DF_IR_RAMA(1.0),_T,M,IR,H,2021-M05,123.68,,1,RT,0
CL01:DF_IR_RAMA(1.0),_T,M,IR,I,2021-M05,127.88,,1,RT,0
CL01:DF_IR_RAMA(1.0),_T,M,IR,J,2021-M05,122.75,,1,RT,0
CL01:DF_IR_RAMA(1.0),_T,M,IR,K,2021-M05,118.34,,1,RT,0
CL01:DF_IR_RAMA(1.0),_T,M,IR,L,2021-M05,122.74,,1,RT,0
CL01:DF_IR_RAMA(1.0),_T,M,IR,M,2021-M05,121.3,,1,RT,0
CL01:DF_IR_RAMA(1.0),_T,M,IR,N,2021-M05,121.05,,1,RT,0
CL01:DF_IR_RAMA(1.0),_T,M,IR,O,2021-M05,122.44,,1,RT,0
CL01:DF_IR_RAMA(1.0),_T,M,IR,P,2021-M05,125.88,,1,RT,0
CL01:DF_IR_RAMA(1.0),_T,M,IR,Q,2021-M05,126.25,,1,RT,0
CL01:DF_IR_RAMA(1.0),_T,M,IR,R,2021-M05,122.01,,1,RT,0
CL01:DF_IR_RAMA(1.0),_T,M,IR,C,2021-M06,124.91,,1,RT,0
CL01:DF_IR_RAMA(1.0),_T,M,IR,D,2021-M06,126.15,,1,RT,0
CL01:DF_IR_RAMA(1.0),_T,M,IR,E,2021-M06,123.86,,1,RT,0
CL01:DF_IR_RAMA(1.0),_T,M,IR,F,2021-M06,128.71,,1,RT,0
CL01:DF_IR_RAMA(1.0),_T,M,IR,G,2021-M06,131.83,,1,RT,0
CL01:DF_IR_RAMA(1.0),_T,M,IR,H,2021-M06,124.77,,1,RT,0
CL01:DF_IR_RAMA(1.0),_T,M,IR,I,2021-M06,129.04,,1,RT,0
CL01:DF_IR_RAMA(1.0),_T,M,IR,J,2021-M06,123.69,,1,RT,0
CL01:DF_IR_RAMA(1.0),_T,M,IR,K,2021-M06,119.45,,1,RT,0
CL01:DF_IR_RAMA(1.0),_T,M,IR,L,2021-M06,121.14,,1,RT,0
CL01:DF_IR_RAMA(1.0),_T,M,IR,M,2021-M06,121.01,,1,RT,0
CL01:DF_IR_RAMA(1.0),_T,M,IR,N,2021-M06,121.02,,1,RT,0
CL01:DF_IR_RAMA(1.0),_T,M,IR,O,2021-M06,123.67,,1,RT,0
CL01:DF_IR_RAMA(1.0),_T,M,IR,P,2021-M06,126.67,,1,RT,0
CL01:DF_IR_RAMA(1.0),_T,M,IR,Q,2021-M06,127.36,,1,RT,0
CL01:DF_IR_RAMA(1.0),_T,M,IR,R,2021-M06,123.04,,1,RT,0
CL01:DF_IR_RAMA(1.0),_T,M,IR,C,2021-M07,126.66,,1,RT,0
CL01:DF_IR_RAMA(1.0),_T,M,IR,D,2021-M07,125.35,,1,RT,0
CL01:DF_IR_RAMA(1.0),_T,M,IR,E,2021-M07,127.19,,1,RT,0
CL01:DF_IR_RAMA(1.0),_T,M,IR,F,2021-M07,131.71,,1,RT,0
CL01:DF_IR_RAMA(1.0),_T,M,IR,G,2021-M07,135.34,,1,RT,0
CL01:DF_IR_RAMA(1.0),_T,M,IR,H,2021-M07,125.01,,1,RT,0
CL01:DF_IR_RAMA(1.0),_T,M,IR,I,2021-M07,130.56,,1,RT,0
CL01:DF_IR_RAMA(1.0),_T,M,IR,J,2021-M07,124.04,,1,RT,0
CL01:DF_IR_RAMA(1.0),_T,M,IR,K,2021-M07,121.06,,1,RT,0
CL01:DF_IR_RAMA(1.0),_T,M,IR,L,2021-M07,123.82,,1,RT,0
CL01:DF_IR_RAMA(1.0),_T,M,IR,M,2021-M07,122.2,,1,RT,0
CL01:DF_IR_RAMA(1.0),_T,M,IR,N,2021-M07,123.63,,1,RT,0
CL01:DF_IR_RAMA(1.0),_T,M,IR,O,2021-M07,122.21,,1,RT,0
CL01:DF_IR_RAMA(1.0),_T,M,IR,P,2021-M07,128.22,,1,RT,0
CL01:DF_IR_RAMA(1.0),_T,M,IR,Q,2021-M07,129.23,,1,RT,0
CL01:DF_IR_RAMA(1.0),_T,M,IR,R,2021-M07,122.76,,1,RT,0
CL01:DF_IR_RAMA(1.0),_T,M,IR,C,2021-M08,127.2,,1,RT,0
CL01:DF_IR_RAMA(1.0),_T,M,IR,D,2021-M08,126.02,,1,RT,0
CL01:DF_IR_RAMA(1.0),_T,M,IR,E,2021-M08,124.98,,1,RT,0
CL01:DF_IR_RAMA(1.0),_T,M,IR,F,2021-M08,132.21,,1,RT,0
CL01:DF_IR_RAMA(1.0),_T,M,IR,G,2021-M08,135.47,,1,RT,0
CL01:DF_IR_RAMA(1.0),_T,M,IR,H,2021-M08,126.6,,1,RT,0
CL01:DF_IR_RAMA(1.0),_T,M,IR,I,2021-M08,132.29,,1,RT,0
CL01:DF_IR_RAMA(1.0),_T,M,IR,J,2021-M08,123.14,,1,RT,0
CL01:DF_IR_RAMA(1.0),_T,M,IR,K,2021-M08,121.46,,1,RT,0
CL01:DF_IR_RAMA(1.0),_T,M,IR,L,2021-M08,124.87,,1,RT,0
CL01:DF_IR_RAMA(1.0),_T,M,IR,M,2021-M08,122.55,,1,RT,0
CL01:DF_IR_RAMA(1.0),_T,M,IR,N,2021-M08,123.61,,1,RT,0
CL01:DF_IR_RAMA(1.0),_T,M,IR,O,2021-M08,122.43,,1,RT,0
CL01:DF_IR_RAMA(1.0),_T,M,IR,P,2021-M08,126.72,,1,RT,0
CL01:DF_IR_RAMA(1.0),_T,M,IR,Q,2021-M08,128.77,,1,RT,0
CL01:DF_IR_RAMA(1.0),_T,M,IR,R,2021-M08,122.7,,1,RT,0
CL01:DF_IR_RAMA(1.0),_T,M,IR,C,2021-M09,128.2,,1,RT,0
CL01:DF_IR_RAMA(1.0),_T,M,IR,D,2021-M09,128.39,,1,RT,0
CL01:DF_IR_RAMA(1.0),_T,M,IR,E,2021-M09,126.48,,1,RT,0
CL01:DF_IR_RAMA(1.0),_T,M,IR,F,2021-M09,131.33,,1,RT,0
CL01:DF_IR_RAMA(1.0),_T,M,IR,G,2021-M09,134.95,,1,RT,0
CL01:DF_IR_RAMA(1.0),_T,M,IR,H,2021-M09,127.17,,1,RT,0
CL01:DF_IR_RAMA(1.0),_T,M,IR,I,2021-M09,134.42,,1,RT,0
CL01:DF_IR_RAMA(1.0),_T,M,IR,J,2021-M09,123.86,,1,RT,0
CL01:DF_IR_RAMA(1.0),_T,M,IR,K,2021-M09,122.56,,1,RT,0
CL01:DF_IR_RAMA(1.0),_T,M,IR,L,2021-M09,124.57,,1,RT,0
CL01:DF_IR_RAMA(1.0),_T,M,IR,M,2021-M09,123.6,,1,RT,0
CL01:DF_IR_RAMA(1.0),_T,M,IR,N,2021-M09,123.59,,1,RT,0
CL01:DF_IR_RAMA(1.0),_T,M,IR,O,2021-M09,122.76,,1,RT,0
CL01:DF_IR_RAMA(1.0),_T,M,IR,P,2021-M09,126.73,,1,RT,0
CL01:DF_IR_RAMA(1.0),_T,M,IR,Q,2021-M09,128.85,,1,RT,0
CL01:DF_IR_RAMA(1.0),_T,M,IR,R,2021-M09,124.3,,1,RT,0
CL01:DF_IR_RAMA(1.0),_T,M,IR,C,2021-M10,128.87,,1,RT,0
CL01:DF_IR_RAMA(1.0),_T,M,IR,D,2021-M10,126.86,,1,RT,0
CL01:DF_IR_RAMA(1.0),_T,M,IR,E,2021-M10,127.7,,1,RT,0
CL01:DF_IR_RAMA(1.0),_T,M,IR,F,2021-M10,131.51,,1,RT,0
CL01:DF_IR_RAMA(1.0),_T,M,IR,G,2021-M10,137.73,,1,RT,0
CL01:DF_IR_RAMA(1.0),_T,M,IR,H,2021-M10,126.18,,1,RT,0
CL01:DF_IR_RAMA(1.0),_T,M,IR,I,2021-M10,133.45,,1,RT,0
CL01:DF_IR_RAMA(1.0),_T,M,IR,J,2021-M10,125.16,,1,RT,0
CL01:DF_IR_RAMA(1.0),_T,M,IR,K,2021-M10,122.52,,1,RT,0
CL01:DF_IR_RAMA(1.0),_T,M,IR,L,2021-M10,127.3,,1,RT,0
CL01:DF_IR_RAMA(1.0),_T,M,IR,M,2021-M10,124.41,,1,RT,0
CL01:DF_IR_RAMA(1.0),_T,M,IR,N,2021-M10,124.75,,1,RT,0
CL01:DF_IR_RAMA(1.0),_T,M,IR,O,2021-M10,122.13,,1,RT,0
CL01:DF_IR_RAMA(1.0),_T,M,IR,P,2021-M10,126.65,,1,RT,0
CL01:DF_IR_RAMA(1.0),_T,M,IR,Q,2021-M10,130.63,,1,RT,0
CL01:DF_IR_RAMA(1.0),_T,M,IR,R,2021-M10,124.64,,1,RT,0
CL01:DF_IR_RAMA(1.0),_T,M,IR,C,2021-M11,129.91,,1,RT,0
CL01:DF_IR_RAMA(1.0),_T,M,IR,D,2021-M11,130.3,,1,RT,0
CL01:DF_IR_RAMA(1.0),_T,M,IR,E,2021-M11,128.71,,1,RT,0
CL01:DF_IR_RAMA(1.0),_T,M,IR,F,2021-M11,134.07,,1,RT,0
CL01:DF_IR_RAMA(1.0),_T,M,IR,G,2021-M11,138.69,,1,RT,0
CL01:DF_IR_RAMA(1.0),_T,M,IR,H,2021-M11,127.38,,1,RT,0
CL01:DF_IR_RAMA(1.0),_T,M,IR,I,2021-M11,135.65,,1,RT,0
CL01:DF_IR_RAMA(1.0),_T,M,IR,J,2021-M11,125.01,,1,RT,0
CL01:DF_IR_RAMA(1.0),_T,M,IR,K,2021-M11,122.62,,1,RT,0
CL01:DF_IR_RAMA(1.0),_T,M,IR,L,2021-M11,127.99,,1,RT,0
CL01:DF_IR_RAMA(1.0),_T,M,IR,M,2021-M11,125.11,,1,RT,0
CL01:DF_IR_RAMA(1.0),_T,M,IR,N,2021-M11,125.54,,1,RT,0
CL01:DF_IR_RAMA(1.0),_T,M,IR,O,2021-M11,122.33,,1,RT,0
CL01:DF_IR_RAMA(1.0),_T,M,IR,P,2021-M11,127.56,,1,RT,0
CL01:DF_IR_RAMA(1.0),_T,M,IR,Q,2021-M11,130.19,,1,RT,0
CL01:DF_IR_RAMA(1.0),_T,M,IR,R,2021-M11,125.46,,1,RT,0
CL01:DF_IR_RAMA(1.0),_T,M,IR,C,2021-M12,130.67,,1,RT,0
CL01:DF_IR_RAMA(1.0),_T,M,IR,D,2021-M12,127.01,,1,RT,0
CL01:DF_IR_RAMA(1.0),_T,M,IR,E,2021-M12,129.7,,1,RT,0
CL01:DF_IR_RAMA(1.0),_T,M,IR,F,2021-M12,135.77,,1,RT,0
CL01:DF_IR_RAMA(1.0),_T,M,IR,G,2021-M12,139.83,,1,RT,0
CL01:DF_IR_RAMA(1.0),_T,M,IR,H,2021-M12,129.9,,1,RT,0
CL01:DF_IR_RAMA(1.0),_T,M,IR,I,2021-M12,136.86,,1,RT,0
CL01:DF_IR_RAMA(1.0),_T,M,IR,J,2021-M12,126.52,,1,RT,0
CL01:DF_IR_RAMA(1.0),_T,M,IR,K,2021-M12,124.38,,1,RT,0
CL01:DF_IR_RAMA(1.0),_T,M,IR,L,2021-M12,127.64,,1,RT,0
CL01:DF_IR_RAMA(1.0),_T,M,IR,M,2021-M12,124.93,,1,RT,0
CL01:DF_IR_RAMA(1.0),_T,M,IR,N,2021-M12,126.29,,1,RT,0
CL01:DF_IR_RAMA(1.0),_T,M,IR,O,2021-M12,128.7,,1,RT,0
CL01:DF_IR_RAMA(1.0),_T,M,IR,P,2021-M12,131.89,,1,RT,0
CL01:DF_IR_RAMA(1.0),_T,M,IR,Q,2021-M12,131.62,,1,RT,0
CL01:DF_IR_RAMA(1.0),_T,M,IR,R,2021-M12,126.55,,1,RT,0
CL01:DF_IR_RAMA(1.0),_T,M,IR,C,2022-M01,133.09,,1,RT,0
CL01:DF_IR_RAMA(1.0),_T,M,IR,D,2022-M01,130.3,,1,RT,0
CL01:DF_IR_RAMA(1.0),_T,M,IR,E,2022-M01,132.23,,1,RT,0
CL01:DF_IR_RAMA(1.0),_T,M,IR,F,2022-M01,136.15,,1,RT,0
CL01:DF_IR_RAMA(1.0),_T,M,IR,G,2022-M01,143.83,,1,RT,0
CL01:DF_IR_RAMA(1.0),_T,M,IR,H,2022-M01,131.57,,1,RT,0
CL01:DF_IR_RAMA(1.0),_T,M,IR,I,2022-M01,138.53,,1,RT,0
CL01:DF_IR_RAMA(1.0),_T,M,IR,J,2022-M01,129.63,,1,RT,0
CL01:DF_IR_RAMA(1.0),_T,M,IR,K,2022-M01,126.32,,1,RT,0
CL01:DF_IR_RAMA(1.0),_T,M,IR,L,2022-M01,130.41,,1,RT,0
CL01:DF_IR_RAMA(1.0),_T,M,IR,M,2022-M01,129.17,,1,RT,0
CL01:DF_IR_RAMA(1.0),_T,M,IR,N,2022-M01,128.21,,1,RT,0
CL01:DF_IR_RAMA(1.0),_T,M,IR,O,2022-M01,128.92,,1,RT,0
CL01:DF_IR_RAMA(1.0),_T,M,IR,P,2022-M01,132.87,,1,RT,0
CL01:DF_IR_RAMA(1.0),_T,M,IR,Q,2022-M01,134.57,,1,RT,0
CL01:DF_IR_RAMA(1.0),_T,M,IR,R,2022-M01,131,,1,RT,0
CL01:DF_IR_RAMA(1.0),_T,M,IR,C,2022-M02,133.32,,1,RT,0
CL01:DF_IR_RAMA(1.0),_T,M,IR,D,2022-M02,131.2,,1,RT,0
CL01:DF_IR_RAMA(1.0),_T,M,IR,E,2022-M02,131,,1,RT,0
CL01:DF_IR_RAMA(1.0),_T,M,IR,F,2022-M02,136.57,,1,RT,0
CL01:DF_IR_RAMA(1.0),_T,M,IR,G,2022-M02,141.59,,1,RT,0
CL01:DF_IR_RAMA(1.0),_T,M,IR,H,2022-M02,132.77,,1,RT,0
CL01:DF_IR_RAMA(1.0),_T,M,IR,I,2022-M02,138.58,,1,RT,0
CL01:DF_IR_RAMA(1.0),_T,M,IR,J,2022-M02,128,,1,RT,0
CL01:DF_IR_RAMA(1.0),_T,M,IR,K,2022-M02,127.19,,1,RT,0
CL01:DF_IR_RAMA(1.0),_T,M,IR,L,2022-M02,130.54,,1,RT,0
CL01:DF_IR_RAMA(1.0),_T,M,IR,M,2022-M02,128.95,,1,RT,0
CL01:DF_IR_RAMA(1.0),_T,M,IR,N,2022-M02,127.67,,1,RT,0
CL01:DF_IR_RAMA(1.0),_T,M,IR,O,2022-M02,129.38,,1,RT,0
CL01:DF_IR_RAMA(1.0),_T,M,IR,P,2022-M02,131.73,,1,RT,0
CL01:DF_IR_RAMA(1.0),_T,M,IR,Q,2022-M02,135.12,,1,RT,0
CL01:DF_IR_RAMA(1.0),_T,M,IR,R,2022-M02,132.19,,1,RT,0
CL01:DF_IR_RAMA(1.0),_T,M,IR,C,2022-M03,135.8,,1,RT,0
CL01:DF_IR_RAMA(1.0),_T,M,IR,D,2022-M03,136.55,,1,RT,0
CL01:DF_IR_RAMA(1.0),_T,M,IR,E,2022-M03,130.2,,1,RT,0
CL01:DF_IR_RAMA(1.0),_T,M,IR,F,2022-M03,137.98,,1,RT,0
CL01:DF_IR_RAMA(1.0),_T,M,IR,G,2022-M03,143.38,,1,RT,0
CL01:DF_IR_RAMA(1.0),_T,M,IR,H,2022-M03,133.95,,1,RT,0
CL01:DF_IR_RAMA(1.0),_T,M,IR,I,2022-M03,141.31,,1,RT,0
CL01:DF_IR_RAMA(1.0),_T,M,IR,J,2022-M03,127.68,,1,RT,0
CL01:DF_IR_RAMA(1.0),_T,M,IR,K,2022-M03,127.14,,1,RT,0
CL01:DF_IR_RAMA(1.0),_T,M,IR,L,2022-M03,133.04,,1,RT,0
CL01:DF_IR_RAMA(1.0),_T,M,IR,M,2022-M03,130.08,,1,RT,0
CL01:DF_IR_RAMA(1.0),_T,M,IR,N,2022-M03,127.77,,1,RT,0
CL01:DF_IR_RAMA(1.0),_T,M,IR,O,2022-M03,130.34,,1,RT,0
CL01:DF_IR_RAMA(1.0),_T,M,IR,P,2022-M03,135.15,,1,RT,0
CL01:DF_IR_RAMA(1.0),_T,M,IR,Q,2022-M03,136.69,,1,RT,0
CL01:DF_IR_RAMA(1.0),_T,M,IR,R,2022-M03,132.72,,1,RT,0
CL01:DF_IR_RAMA(1.0),_T,M,IR,C,2022-M04,136.71,,1,RT,0
CL01:DF_IR_RAMA(1.0),_T,M,IR,D,2022-M04,135.28,,1,RT,0
CL01:DF_IR_RAMA(1.0),_T,M,IR,E,2022-M04,132.83,,1,RT,0
CL01:DF_IR_RAMA(1.0),_T,M,IR,F,2022-M04,139.17,,1,RT,0
CL01:DF_IR_RAMA(1.0),_T,M,IR,G,2022-M04,143.04,,1,RT,0
CL01:DF_IR_RAMA(1.0),_T,M,IR,H,2022-M04,134.04,,1,RT,0
CL01:DF_IR_RAMA(1.0),_T,M,IR,I,2022-M04,140.7,,1,RT,0
CL01:DF_IR_RAMA(1.0),_T,M,IR,J,2022-M04,128.71,,1,RT,0
CL01:DF_IR_RAMA(1.0),_T,M,IR,K,2022-M04,127.57,,1,RT,0
CL01:DF_IR_RAMA(1.0),_T,M,IR,L,2022-M04,131.32,,1,RT,0
CL01:DF_IR_RAMA(1.0),_T,M,IR,M,2022-M04,131.8,,1,RT,0
CL01:DF_IR_RAMA(1.0),_T,M,IR,N,2022-M04,131.12,,1,RT,0
CL01:DF_IR_RAMA(1.0),_T,M,IR,O,2022-M04,129.33,,1,RT,0
CL01:DF_IR_RAMA(1.0),_T,M,IR,P,2022-M04,137.69,,1,RT,0
CL01:DF_IR_RAMA(1.0),_T,M,IR,Q,2022-M04,136.69,,1,RT,0
CL01:DF_IR_RAMA(1.0),_T,M,IR,R,2022-M04,133.26,,1,RT,0
CL01:DF_IR_RAMA(1.0),_T,M,IR,C,2022-M05,137.82,,1,RT,0
CL01:DF_IR_RAMA(1.0),_T,M,IR,D,2022-M05,135.18,,1,RT,0
CL01:DF_IR_RAMA(1.0),_T,M,IR,E,2022-M05,136.61,,1,RT,0
CL01:DF_IR_RAMA(1.0),_T,M,IR,F,2022-M05,140.77,,1,RT,0
CL01:DF_IR_RAMA(1.0),_T,M,IR,G,2022-M05,146.65,,1,RT,0
CL01:DF_IR_RAMA(1.0),_T,M,IR,H,2022-M05,135.77,,1,RT,0
CL01:DF_IR_RAMA(1.0),_T,M,IR,I,2022-M05,143.74,,1,RT,0
CL01:DF_IR_RAMA(1.0),_T,M,IR,J,2022-M05,129.37,,1,RT,0
CL01:DF_IR_RAMA(1.0),_T,M,IR,K,2022-M05,129.89,,1,RT,0
CL01:DF_IR_RAMA(1.0),_T,M,IR,L,2022-M05,133.27,,1,RT,0
CL01:DF_IR_RAMA(1.0),_T,M,IR,M,2022-M05,133.26,,1,RT,0
CL01:DF_IR_RAMA(1.0),_T,M,IR,N,2022-M05,132.92,,1,RT,0
CL01:DF_IR_RAMA(1.0),_T,M,IR,O,2022-M05,129.23,,1,RT,0
CL01:DF_IR_RAMA(1.0),_T,M,IR,P,2022-M05,136.23,,1,RT,0
CL01:DF_IR_RAMA(1.0),_T,M,IR,Q,2022-M05,138.57,,1,RT,0
CL01:DF_IR_RAMA(1.0),_T,M,IR,R,2022-M05,135.6,,1,RT,0
CL01:DF_IR_RAMA(1.0),_T,M,IR,C,2022-M06,139.46,,1,RT,0
CL01:DF_IR_RAMA(1.0),_T,M,IR,D,2022-M06,135.2,,1,RT,0
CL01:DF_IR_RAMA(1.0),_T,M,IR,E,2022-M06,133.74,,1,RT,0
CL01:DF_IR_RAMA(1.0),_T,M,IR,F,2022-M06,140.65,,1,RT,0
CL01:DF_IR_RAMA(1.0),_T,M,IR,G,2022-M06,147.55,,1,RT,0
CL01:DF_IR_RAMA(1.0),_T,M,IR,H,2022-M06,135.76,,1,RT,0
CL01:DF_IR_RAMA(1.0),_T,M,IR,I,2022-M06,144.18,,1,RT,0
CL01:DF_IR_RAMA(1.0),_T,M,IR,J,2022-M06,132.39,,1,RT,0
CL01:DF_IR_RAMA(1.0),_T,M,IR,K,2022-M06,131.82,,1,RT,0
CL01:DF_IR_RAMA(1.0),_T,M,IR,L,2022-M06,134.16,,1,RT,0
CL01:DF_IR_RAMA(1.0),_T,M,IR,M,2022-M06,133.27,,1,RT,0
CL01:DF_IR_RAMA(1.0),_T,M,IR,N,2022-M06,134.82,,1,RT,0
CL01:DF_IR_RAMA(1.0),_T,M,IR,O,2022-M06,130.58,,1,RT,0
CL01:DF_IR_RAMA(1.0),_T,M,IR,P,2022-M06,137.45,,1,RT,0
CL01:DF_IR_RAMA(1.0),_T,M,IR,Q,2022-M06,138.3,,1,RT,0
CL01:DF_IR_RAMA(1.0),_T,M,IR,R,2022-M06,135.74,,1,RT,0
CL01:DF_IR_RAMA(1.0),_T,M,IR,C,2022-M07,140.38,,1,RT,0
CL01:DF_IR_RAMA(1.0),_T,M,IR,D,2022-M07,138.47,,1,RT,0
CL01:DF_IR_RAMA(1.0),_T,M,IR,E,2022-M07,134.64,,1,RT,0
CL01:DF_IR_RAMA(1.0),_T,M,IR,F,2022-M07,141.95,,1,RT,0
CL01:DF_IR_RAMA(1.0),_T,M,IR,G,2022-M07,150.01,,1,RT,0
CL01:DF_IR_RAMA(1.0),_T,M,IR,H,2022-M07,138.17,,1,RT,0
CL01:DF_IR_RAMA(1.0),_T,M,IR,I,2022-M07,145.66,,1,RT,0
CL01:DF_IR_RAMA(1.0),_T,M,IR,J,2022-M07,132.3,,1,RT,0
CL01:DF_IR_RAMA(1.0),_T,M,IR,K,2022-M07,133.5,,1,RT,0
CL01:DF_IR_RAMA(1.0),_T,M,IR,L,2022-M07,133.07,,1,RT,0
CL01:DF_IR_RAMA(1.0),_T,M,IR,M,2022-M07,134.92,,1,RT,0
CL01:DF_IR_RAMA(1.0),_T,M,IR,N,2022-M07,137.25,,1,RT,0
CL01:DF_IR_RAMA(1.0),_T,M,IR,O,2022-M07,129.28,,1,RT,0
CL01:DF_IR_RAMA(1.0),_T,M,IR,P,2022-M07,138.16,,1,RT,0
CL01:DF_IR_RAMA(1.0),_T,M,IR,Q,2022-M07,141.69,,1,RT,0
CL01:DF_IR_RAMA(1.0),_T,M,IR,R,2022-M07,138.21,,1,RT,0
CL01:DF_IR_RAMA(1.0),_T,M,IR,C,2022-M08,143.35,,1,RT,0
CL01:DF_IR_RAMA(1.0),_T,M,IR,D,2022-M08,141.56,,1,RT,0
CL01:DF_IR_RAMA(1.0),_T,M,IR,E,2022-M08,136.39,,1,RT,0
CL01:DF_IR_RAMA(1.0),_T,M,IR,F,2022-M08,143.92,,1,RT,0
CL01:DF_IR_RAMA(1.0),_T,M,IR,G,2022-M08,151.9,,1,RT,0
CL01:DF_IR_RAMA(1.0),_T,M,IR,H,2022-M08,140.21,,1,RT,0
CL01:DF_IR_RAMA(1.0),_T,M,IR,I,2022-M08,148.07,,1,RT,0
CL01:DF_IR_RAMA(1.0),_T,M,IR,J,2022-M08,134.12,,1,RT,0
CL01:DF_IR_RAMA(1.0),_T,M,IR,K,2022-M08,134.71,,1,RT,0
CL01:DF_IR_RAMA(1.0),_T,M,IR,L,2022-M08,135.1,,1,RT,0
CL01:DF_IR_RAMA(1.0),_T,M,IR,M,2022-M08,137.16,,1,RT,0
CL01:DF_IR_RAMA(1.0),_T,M,IR,N,2022-M08,138.73,,1,RT,0
CL01:DF_IR_RAMA(1.0),_T,M,IR,O,2022-M08,129.26,,1,RT,0
CL01:DF_IR_RAMA(1.0),_T,M,IR,P,2022-M08,138.53,,1,RT,0
CL01:DF_IR_RAMA(1.0),_T,M,IR,Q,2022-M08,142.39,,1,RT,0
CL01:DF_IR_RAMA(1.0),_T,M,IR,R,2022-M08,142.81,,1,RT,0
CL01:DF_IR_RAMA(1.0),_T,M,IR,C,2022-M09,142.6,,1,RT,0
CL01:DF_IR_RAMA(1.0),_T,M,IR,D,2022-M09,143.34,,1,RT,0
CL01:DF_IR_RAMA(1.0),_T,M,IR,E,2022-M09,138.25,,1,RT,0
CL01:DF_IR_RAMA(1.0),_T,M,IR,F,2022-M09,144.27,,1,RT,0
CL01:DF_IR_RAMA(1.0),_T,M,IR,G,2022-M09,149.35,,1,RT,0
CL01:DF_IR_RAMA(1.0),_T,M,IR,H,2022-M09,142.41,,1,RT,0
CL01:DF_IR_RAMA(1.0),_T,M,IR,I,2022-M09,148.47,,1,RT,0
CL01:DF_IR_RAMA(1.0),_T,M,IR,J,2022-M09,136.27,,1,RT,0
CL01:DF_IR_RAMA(1.0),_T,M,IR,K,2022-M09,137.15,,1,RT,0
CL01:DF_IR_RAMA(1.0),_T,M,IR,L,2022-M09,136.94,,1,RT,0
CL01:DF_IR_RAMA(1.0),_T,M,IR,M,2022-M09,137,,1,RT,0
CL01:DF_IR_RAMA(1.0),_T,M,IR,N,2022-M09,139.78,,1,RT,0
CL01:DF_IR_RAMA(1.0),_T,M,IR,O,2022-M09,129.57,,1,RT,0
CL01:DF_IR_RAMA(1.0),_T,M,IR,P,2022-M09,139.86,,1,RT,0
CL01:DF_IR_RAMA(1.0),_T,M,IR,Q,2022-M09,142.38,,1,RT,0
CL01:DF_IR_RAMA(1.0),_T,M,IR,R,2022-M09,144.54,,1,RT,0
CL01:DF_IR_RAMA(1.0),_T,M,IR,C,2022-M10,142.99,,1,RT,0
CL01:DF_IR_RAMA(1.0),_T,M,IR,D,2022-M10,142.66,,1,RT,0
CL01:DF_IR_RAMA(1.0),_T,M,IR,E,2022-M10,141.39,,1,RT,0
CL01:DF_IR_RAMA(1.0),_T,M,IR,F,2022-M10,144.06,,1,RT,0
CL01:DF_IR_RAMA(1.0),_T,M,IR,G,2022-M10,151.08,,1,RT,0
CL01:DF_IR_RAMA(1.0),_T,M,IR,H,2022-M10,142.1,,1,RT,0
CL01:DF_IR_RAMA(1.0),_T,M,IR,I,2022-M10,151.87,,1,RT,0
CL01:DF_IR_RAMA(1.0),_T,M,IR,J,2022-M10,137.07,,1,RT,0
CL01:DF_IR_RAMA(1.0),_T,M,IR,K,2022-M10,137.72,,1,RT,0
CL01:DF_IR_RAMA(1.0),_T,M,IR,L,2022-M10,137.1,,1,RT,0
CL01:DF_IR_RAMA(1.0),_T,M,IR,M,2022-M10,137.36,,1,RT,0
CL01:DF_IR_RAMA(1.0),_T,M,IR,N,2022-M10,139.86,,1,RT,0
CL01:DF_IR_RAMA(1.0),_T,M,IR,O,2022-M10,129.31,,1,RT,0
CL01:DF_IR_RAMA(1.0),_T,M,IR,P,2022-M10,140.59,,1,RT,0
CL01:DF_IR_RAMA(1.0),_T,M,IR,Q,2022-M10,144.35,,1,RT,0
CL01:DF_IR_RAMA(1.0),_T,M,IR,R,2022-M10,146.02,,1,RT,0
CL01:DF_IR_RAMA(1.0),_T,M,IR,C,2022-M11,144.47,,1,RT,0
CL01:DF_IR_RAMA(1.0),_T,M,IR,D,2022-M11,143.5,,1,RT,0
CL01:DF_IR_RAMA(1.0),_T,M,IR,E,2022-M11,139.83,,1,RT,0
CL01:DF_IR_RAMA(1.0),_T,M,IR,F,2022-M11,144.84,,1,RT,0
CL01:DF_IR_RAMA(1.0),_T,M,IR,G,2022-M11,151.4,,1,RT,0
CL01:DF_IR_RAMA(1.0),_T,M,IR,H,2022-M11,142.5,,1,RT,0
CL01:DF_IR_RAMA(1.0),_T,M,IR,I,2022-M11,152.15,,1,RT,0
CL01:DF_IR_RAMA(1.0),_T,M,IR,J,2022-M11,136.72,,1,RT,0
CL01:DF_IR_RAMA(1.0),_T,M,IR,K,2022-M11,140.08,,1,RT,0
CL01:DF_IR_RAMA(1.0),_T,M,IR,L,2022-M11,140.05,,1,RT,0
CL01:DF_IR_RAMA(1.0),_T,M,IR,M,2022-M11,137.83,,1,RT,0
CL01:DF_IR_RAMA(1.0),_T,M,IR,N,2022-M11,142.18,,1,RT,0
CL01:DF_IR_RAMA(1.0),_T,M,IR,O,2022-M11,129.44,,1,RT,0
CL01:DF_IR_RAMA(1.0),_T,M,IR,P,2022-M11,141.03,,1,RT,0
CL01:DF_IR_RAMA(1.0),_T,M,IR,Q,2022-M11,145.04,,1,RT,0
CL01:DF_IR_RAMA(1.0),_T,M,IR,R,2022-M11,150.55,,1,RT,0
CL01:DF_IR_RAMA(1.0),_T,M,IR,C,2022-M12,146.78,,1,RT,0
CL01:DF_IR_RAMA(1.0),_T,M,IR,D,2022-M12,145.14,,1,RT,0
CL01:DF_IR_RAMA(1.0),_T,M,IR,E,2022-M12,141.16,,1,RT,0
CL01:DF_IR_RAMA(1.0),_T,M,IR,F,2022-M12,145.6,,1,RT,0
CL01:DF_IR_RAMA(1.0),_T,M,IR,G,2022-M12,153.69,,1,RT,0
CL01:DF_IR_RAMA(1.0),_T,M,IR,H,2022-M12,142.86,,1,RT,0
CL01:DF_IR_RAMA(1.0),_T,M,IR,I,2022-M12,151.83,,1,RT,0
CL01:DF_IR_RAMA(1.0),_T,M,IR,J,2022-M12,137.52,,1,RT,0
CL01:DF_IR_RAMA(1.0),_T,M,IR,K,2022-M12,140.73,,1,RT,0
CL01:DF_IR_RAMA(1.0),_T,M,IR,L,2022-M12,139.54,,1,RT,0
CL01:DF_IR_RAMA(1.0),_T,M,IR,M,2022-M12,138.04,,1,RT,0
CL01:DF_IR_RAMA(1.0),_T,M,IR,N,2022-M12,143.1,,1,RT,0
CL01:DF_IR_RAMA(1.0),_T,M,IR,O,2022-M12,138.08,,1,RT,0
CL01:DF_IR_RAMA(1.0),_T,M,IR,P,2022-M12,145.36,,1,RT,0
CL01:DF_IR_RAMA(1.0),_T,M,IR,Q,2022-M12,146.35,,1,RT,0
CL01:DF_IR_RAMA(1.0),_T,M,IR,R,2022-M12,151.31,,1,RT,0
CL01:DF_IR_RAMA(1.0),_T,M,IR,C,2023-M01,149.51,,1,RT,0
CL01:DF_IR_RAMA(1.0),_T,M,IR,D,2023-M01,146.91,,1,RT,0
CL01:DF_IR_RAMA(1.0),_T,M,IR,E,2023-M01,147.29,,1,RT,0
CL01:DF_IR_RAMA(1.0),_T,M,IR,F,2023-M01,147.52,,1,RT,0
CL01:DF_IR_RAMA(1.0),_T,M,IR,G,2023-M01,155.79,,1,RT,0
CL01:DF_IR_RAMA(1.0),_T,M,IR,H,2023-M01,146.37,,1,RT,0
CL01:DF_IR_RAMA(1.0),_T,M,IR,I,2023-M01,155.22,,1,RT,0
CL01:DF_IR_RAMA(1.0),_T,M,IR,J,2023-M01,142.26,,1,RT,0
CL01:DF_IR_RAMA(1.0),_T,M,IR,K,2023-M01,142.5,,1,RT,0
CL01:DF_IR_RAMA(1.0),_T,M,IR,L,2023-M01,142.12,,1,RT,0
CL01:DF_IR_RAMA(1.0),_T,M,IR,M,2023-M01,142.33,,1,RT,0
CL01:DF_IR_RAMA(1.0),_T,M,IR,N,2023-M01,144.99,,1,RT,0
CL01:DF_IR_RAMA(1.0),_T,M,IR,O,2023-M01,142.54,,1,RT,0
CL01:DF_IR_RAMA(1.0),_T,M,IR,P,2023-M01,147.84,,1,RT,0
CL01:DF_IR_RAMA(1.0),_T,M,IR,Q,2023-M01,151.7,,1,RT,0
CL01:DF_IR_RAMA(1.0),_T,M,IR,R,2023-M01,156.9,,1,RT,0
