DATAFLOW,AREA_REF,FREQ,INDICADOR,SEXO,TIME_PERIOD,OBS_VALUE,DECIMALS,UNIDAD,MULT
CL01:DF_TLOF_SEXO(1.0),01,A,TLOF,M,2015,19.403856920810064,1,RT,0
CL01:DF_TLOF_SEXO(1.0),01,A,TLOF,F,2015,0,1,RT,0
CL01:DF_TLOF_SEXO(1.0),01,A,TLOF,_X,2015,NA,1,RT,0
CL01:DF_TLOF_SEXO(1.0),01,A,TLOF,_T,2015,11.843619804999747,1,RT,0
CL01:DF_TLOF_SEXO(1.0),02,A,TLOF,M,2015,26.36787952808821,1,RT,0
CL01:DF_TLOF_SEXO(1.0),02,A,TLOF,F,2015,0,1,RT,0
CL01:DF_TLOF_SEXO(1.0),02,A,TLOF,_X,2015,NA,1,RT,0
CL01:DF_TLOF_SEXO(1.0),02,A,TLOF,_T,2015,17.686908555612167,1,RT,0
CL01:DF_TLOF_SEXO(1.0),03,A,TLOF,M,2015,31.98281128911234,1,RT,0
CL01:DF_TLOF_SEXO(1.0),03,A,TLOF,F,2015,0,1,RT,0
CL01:DF_TLOF_SEXO(1.0),03,A,TLOF,_X,2015,NA,1,RT,0
CL01:DF_TLOF_SEXO(1.0),03,A,TLOF,_T,2015,21.121211382708225,1,RT,0
CL01:DF_TLOF_SEXO(1.0),04,A,TLOF,M,2015,17.978990265661,1,RT,0
CL01:DF_TLOF_SEXO(1.0),04,A,TLOF,F,2015,5.906093119401516,1,RT,0
CL01:DF_TLOF_SEXO(1.0),04,A,TLOF,_X,2015,NA,1,RT,0
CL01:DF_TLOF_SEXO(1.0),04,A,TLOF,_T,2015,13.212743302305045,1,RT,0
CL01:DF_TLOF_SEXO(1.0),05,A,TLOF,M,2015,8.545559361117729,1,RT,0
CL01:DF_TLOF_SEXO(1.0),05,A,TLOF,F,2015,0,1,RT,0
CL01:DF_TLOF_SEXO(1.0),05,A,TLOF,_X,2015,NA,1,RT,0
CL01:DF_TLOF_SEXO(1.0),05,A,TLOF,_T,2015,5.16735038367577,1,RT,0
CL01:DF_TLOF_SEXO(1.0),06,A,TLOF,M,2015,12.0381964893315,1,RT,0
CL01:DF_TLOF_SEXO(1.0),06,A,TLOF,F,2015,0,1,RT,0
CL01:DF_TLOF_SEXO(1.0),06,A,TLOF,_X,2015,NA,1,RT,0
CL01:DF_TLOF_SEXO(1.0),06,A,TLOF,_T,2015,7.578738073239587,1,RT,0
CL01:DF_TLOF_SEXO(1.0),07,A,TLOF,M,2015,10.530881810910522,1,RT,0
CL01:DF_TLOF_SEXO(1.0),07,A,TLOF,F,2015,0,1,RT,0
CL01:DF_TLOF_SEXO(1.0),07,A,TLOF,_X,2015,NA,1,RT,0
CL01:DF_TLOF_SEXO(1.0),07,A,TLOF,_T,2015,6.400573003678445,1,RT,0
CL01:DF_TLOF_SEXO(1.0),08,A,TLOF,M,2015,8.597186635803657,1,RT,0
CL01:DF_TLOF_SEXO(1.0),08,A,TLOF,F,2015,0,1,RT,0
CL01:DF_TLOF_SEXO(1.0),08,A,TLOF,_X,2015,NA,1,RT,0
CL01:DF_TLOF_SEXO(1.0),08,A,TLOF,_T,2015,5.285461996427111,1,RT,0
CL01:DF_TLOF_SEXO(1.0),09,A,TLOF,M,2015,16.52061979858611,1,RT,0
CL01:DF_TLOF_SEXO(1.0),09,A,TLOF,F,2015,1.4601062470645794,1,RT,0
CL01:DF_TLOF_SEXO(1.0),09,A,TLOF,_X,2015,NA,1,RT,0
CL01:DF_TLOF_SEXO(1.0),09,A,TLOF,_T,2015,10.707668898213786,1,RT,0
CL01:DF_TLOF_SEXO(1.0),10,A,TLOF,M,2015,12.548494703489562,1,RT,0
CL01:DF_TLOF_SEXO(1.0),10,A,TLOF,F,2015,0,1,RT,0
CL01:DF_TLOF_SEXO(1.0),10,A,TLOF,_X,2015,NA,1,RT,0
CL01:DF_TLOF_SEXO(1.0),10,A,TLOF,_T,2015,7.890930895583694,1,RT,0
CL01:DF_TLOF_SEXO(1.0),11,A,TLOF,M,2015,17.495516773826708,1,RT,0
CL01:DF_TLOF_SEXO(1.0),11,A,TLOF,F,2015,0,1,RT,0
CL01:DF_TLOF_SEXO(1.0),11,A,TLOF,_X,2015,NA,1,RT,0
CL01:DF_TLOF_SEXO(1.0),11,A,TLOF,_T,2015,9.9118260474529,1,RT,0
CL01:DF_TLOF_SEXO(1.0),12,A,TLOF,M,2015,24.269717460039303,1,RT,0
CL01:DF_TLOF_SEXO(1.0),12,A,TLOF,F,2015,0,1,RT,0
CL01:DF_TLOF_SEXO(1.0),12,A,TLOF,_X,2015,NA,1,RT,0
CL01:DF_TLOF_SEXO(1.0),12,A,TLOF,_T,2015,14.06041290745905,1,RT,0
CL01:DF_TLOF_SEXO(1.0),13,A,TLOF,M,2015,2.857827750345095,1,RT,0
CL01:DF_TLOF_SEXO(1.0),13,A,TLOF,F,2015,0.14201677549491104,1,RT,0
CL01:DF_TLOF_SEXO(1.0),13,A,TLOF,_X,2015,NA,1,RT,0
CL01:DF_TLOF_SEXO(1.0),13,A,TLOF,_T,2015,1.7453033281431583,1,RT,0
CL01:DF_TLOF_SEXO(1.0),14,A,TLOF,M,2015,25.802718668267,1,RT,0
CL01:DF_TLOF_SEXO(1.0),14,A,TLOF,F,2015,0,1,RT,0
CL01:DF_TLOF_SEXO(1.0),14,A,TLOF,_X,2015,NA,1,RT,0
CL01:DF_TLOF_SEXO(1.0),14,A,TLOF,_T,2015,15.790493644326324,1,RT,0
CL01:DF_TLOF_SEXO(1.0),15,A,TLOF,M,2015,23.68573763308424,1,RT,0
CL01:DF_TLOF_SEXO(1.0),15,A,TLOF,F,2015,0,1,RT,0
CL01:DF_TLOF_SEXO(1.0),15,A,TLOF,_X,2015,NA,1,RT,0
CL01:DF_TLOF_SEXO(1.0),15,A,TLOF,_T,2015,13.04313800509553,1,RT,0
CL01:DF_TLOF_SEXO(1.0),16,A,TLOF,M,2015,NA,1,RT,0
CL01:DF_TLOF_SEXO(1.0),16,A,TLOF,F,2015,NA,1,RT,0
CL01:DF_TLOF_SEXO(1.0),16,A,TLOF,_X,2015,NA,1,RT,0
CL01:DF_TLOF_SEXO(1.0),16,A,TLOF,_T,2015,NA,1,RT,0
CL01:DF_TLOF_SEXO(1.0),_X,A,TLOF,M,2015,NA,1,RT,0
CL01:DF_TLOF_SEXO(1.0),_X,A,TLOF,F,2015,NA,1,RT,0
CL01:DF_TLOF_SEXO(1.0),_X,A,TLOF,_X,2015,NA,1,RT,0
CL01:DF_TLOF_SEXO(1.0),_X,A,TLOF,_T,2015,NA,1,RT,0
CL01:DF_TLOF_SEXO(1.0),_T,A,TLOF,M,2015,7.339868715099238,1,RT,0
CL01:DF_TLOF_SEXO(1.0),_T,A,TLOF,F,2015,0.26601037965112256,1,RT,0
CL01:DF_TLOF_SEXO(1.0),_T,A,TLOF,_X,2015,NA,1,RT,0
CL01:DF_TLOF_SEXO(1.0),_T,A,TLOF,_T,2015,4.514886643590188,1,RT,0
CL01:DF_TLOF_SEXO(1.0),01,A,TLOF,M,2016,7.357915584269607,1,RT,0
CL01:DF_TLOF_SEXO(1.0),01,A,TLOF,F,2016,0,1,RT,0
CL01:DF_TLOF_SEXO(1.0),01,A,TLOF,_X,2016,NA,1,RT,0
CL01:DF_TLOF_SEXO(1.0),01,A,TLOF,_T,2016,4.504183260202914,1,RT,0
CL01:DF_TLOF_SEXO(1.0),02,A,TLOF,M,2016,26.744647123882515,1,RT,0
CL01:DF_TLOF_SEXO(1.0),02,A,TLOF,F,2016,2.2173563568835055,1,RT,0
CL01:DF_TLOF_SEXO(1.0),02,A,TLOF,_X,2016,NA,1,RT,0
CL01:DF_TLOF_SEXO(1.0),02,A,TLOF,_T,2016,18.54099661565013,1,RT,0
CL01:DF_TLOF_SEXO(1.0),03,A,TLOF,M,2016,27.43136444022355,1,RT,0
CL01:DF_TLOF_SEXO(1.0),03,A,TLOF,F,2016,0,1,RT,0
CL01:DF_TLOF_SEXO(1.0),03,A,TLOF,_X,2016,NA,1,RT,0
CL01:DF_TLOF_SEXO(1.0),03,A,TLOF,_T,2016,18.044298753439705,1,RT,0
CL01:DF_TLOF_SEXO(1.0),04,A,TLOF,M,2016,11.059081092760096,1,RT,0
CL01:DF_TLOF_SEXO(1.0),04,A,TLOF,F,2016,0,1,RT,0
CL01:DF_TLOF_SEXO(1.0),04,A,TLOF,_X,2016,NA,1,RT,0
CL01:DF_TLOF_SEXO(1.0),04,A,TLOF,_T,2016,6.6676133031233,1,RT,0
CL01:DF_TLOF_SEXO(1.0),05,A,TLOF,M,2016,7.892740290367359,1,RT,0
CL01:DF_TLOF_SEXO(1.0),05,A,TLOF,F,2016,0,1,RT,0
CL01:DF_TLOF_SEXO(1.0),05,A,TLOF,_X,2016,NA,1,RT,0
CL01:DF_TLOF_SEXO(1.0),05,A,TLOF,_T,2016,4.801871769615796,1,RT,0
CL01:DF_TLOF_SEXO(1.0),06,A,TLOF,M,2016,7.018097920011229,1,RT,0
CL01:DF_TLOF_SEXO(1.0),06,A,TLOF,F,2016,0,1,RT,0
CL01:DF_TLOF_SEXO(1.0),06,A,TLOF,_X,2016,NA,1,RT,0
CL01:DF_TLOF_SEXO(1.0),06,A,TLOF,_T,2016,4.377343018447954,1,RT,0
CL01:DF_TLOF_SEXO(1.0),07,A,TLOF,M,2016,7.968815369188595,1,RT,0
CL01:DF_TLOF_SEXO(1.0),07,A,TLOF,F,2016,0,1,RT,0
CL01:DF_TLOF_SEXO(1.0),07,A,TLOF,_X,2016,NA,1,RT,0
CL01:DF_TLOF_SEXO(1.0),07,A,TLOF,_T,2016,4.8511612283434316,1,RT,0
CL01:DF_TLOF_SEXO(1.0),08,A,TLOF,M,2016,11.51809765612908,1,RT,0
CL01:DF_TLOF_SEXO(1.0),08,A,TLOF,F,2016,0,1,RT,0
CL01:DF_TLOF_SEXO(1.0),08,A,TLOF,_X,2016,NA,1,RT,0
CL01:DF_TLOF_SEXO(1.0),08,A,TLOF,_T,2016,7.083119840104281,1,RT,0
CL01:DF_TLOF_SEXO(1.0),09,A,TLOF,M,2016,13.200187442661687,1,RT,0
CL01:DF_TLOF_SEXO(1.0),09,A,TLOF,F,2016,2.8576089195499756,1,RT,0
CL01:DF_TLOF_SEXO(1.0),09,A,TLOF,_X,2016,NA,1,RT,0
CL01:DF_TLOF_SEXO(1.0),09,A,TLOF,_T,2016,9.258082669232323,1,RT,0
CL01:DF_TLOF_SEXO(1.0),10,A,TLOF,M,2016,17.387135100674193,1,RT,0
CL01:DF_TLOF_SEXO(1.0),10,A,TLOF,F,2016,0,1,RT,0
CL01:DF_TLOF_SEXO(1.0),10,A,TLOF,_X,2016,NA,1,RT,0
CL01:DF_TLOF_SEXO(1.0),10,A,TLOF,_T,2016,10.824583120292708,1,RT,0
CL01:DF_TLOF_SEXO(1.0),11,A,TLOF,M,2016,26.94348603803538,1,RT,0
CL01:DF_TLOF_SEXO(1.0),11,A,TLOF,F,2016,0,1,RT,0
CL01:DF_TLOF_SEXO(1.0),11,A,TLOF,_X,2016,NA,1,RT,0
CL01:DF_TLOF_SEXO(1.0),11,A,TLOF,_T,2016,15.001187594017912,1,RT,0
CL01:DF_TLOF_SEXO(1.0),12,A,TLOF,M,2016,20.059778138853783,1,RT,0
CL01:DF_TLOF_SEXO(1.0),12,A,TLOF,F,2016,0,1,RT,0
CL01:DF_TLOF_SEXO(1.0),12,A,TLOF,_X,2016,NA,1,RT,0
CL01:DF_TLOF_SEXO(1.0),12,A,TLOF,_T,2016,11.754472576815479,1,RT,0
CL01:DF_TLOF_SEXO(1.0),13,A,TLOF,M,2016,2.8112927042834372,1,RT,0
CL01:DF_TLOF_SEXO(1.0),13,A,TLOF,F,2016,0.07097896195397545,1,RT,0
CL01:DF_TLOF_SEXO(1.0),13,A,TLOF,_X,2016,NA,1,RT,0
CL01:DF_TLOF_SEXO(1.0),13,A,TLOF,_T,2016,1.6993205022154532,1,RT,0
CL01:DF_TLOF_SEXO(1.0),14,A,TLOF,M,2016,34.66518248329815,1,RT,0
CL01:DF_TLOF_SEXO(1.0),14,A,TLOF,F,2016,0,1,RT,0
CL01:DF_TLOF_SEXO(1.0),14,A,TLOF,_X,2016,NA,1,RT,0
CL01:DF_TLOF_SEXO(1.0),14,A,TLOF,_T,2016,21.318400977803993,1,RT,0
CL01:DF_TLOF_SEXO(1.0),15,A,TLOF,M,2016,4.786960320088088,1,RT,0
CL01:DF_TLOF_SEXO(1.0),15,A,TLOF,F,2016,5.8633831720902965,1,RT,0
CL01:DF_TLOF_SEXO(1.0),15,A,TLOF,_X,2016,NA,1,RT,0
CL01:DF_TLOF_SEXO(1.0),15,A,TLOF,_T,2016,5.2707750894384695,1,RT,0
CL01:DF_TLOF_SEXO(1.0),16,A,TLOF,M,2016,NA,1,RT,0
CL01:DF_TLOF_SEXO(1.0),16,A,TLOF,F,2016,NA,1,RT,0
CL01:DF_TLOF_SEXO(1.0),16,A,TLOF,_X,2016,NA,1,RT,0
CL01:DF_TLOF_SEXO(1.0),16,A,TLOF,_T,2016,NA,1,RT,0
CL01:DF_TLOF_SEXO(1.0),_X,A,TLOF,M,2016,NA,1,RT,0
CL01:DF_TLOF_SEXO(1.0),_X,A,TLOF,F,2016,NA,1,RT,0
CL01:DF_TLOF_SEXO(1.0),_X,A,TLOF,_X,2016,NA,1,RT,0
CL01:DF_TLOF_SEXO(1.0),_X,A,TLOF,_T,2016,NA,1,RT,0
CL01:DF_TLOF_SEXO(1.0),_T,A,TLOF,M,2016,6.939322109670547,1,RT,0
CL01:DF_TLOF_SEXO(1.0),_T,A,TLOF,F,2016,0.21950253701032277,1,RT,0
CL01:DF_TLOF_SEXO(1.0),_T,A,TLOF,_X,2016,NA,1,RT,0
CL01:DF_TLOF_SEXO(1.0),_T,A,TLOF,_T,2016,4.27094968735559,1,RT,0
CL01:DF_TLOF_SEXO(1.0),01,A,TLOF,M,2017,12.16599280584294,1,RT,0
CL01:DF_TLOF_SEXO(1.0),01,A,TLOF,F,2017,0,1,RT,0
CL01:DF_TLOF_SEXO(1.0),01,A,TLOF,_X,2017,NA,1,RT,0
CL01:DF_TLOF_SEXO(1.0),01,A,TLOF,_T,2017,7.449890176202323,1,RT,0
CL01:DF_TLOF_SEXO(1.0),02,A,TLOF,M,2017,8.65602576610337,1,RT,0
CL01:DF_TLOF_SEXO(1.0),02,A,TLOF,F,2017,0,1,RT,0
CL01:DF_TLOF_SEXO(1.0),02,A,TLOF,_X,2017,NA,1,RT,0
CL01:DF_TLOF_SEXO(1.0),02,A,TLOF,_T,2017,5.813513390761993,1,RT,0
CL01:DF_TLOF_SEXO(1.0),03,A,TLOF,M,2017,24.932008335601473,1,RT,0
CL01:DF_TLOF_SEXO(1.0),03,A,TLOF,F,2017,0,1,RT,0
CL01:DF_TLOF_SEXO(1.0),03,A,TLOF,_X,2017,NA,1,RT,0
CL01:DF_TLOF_SEXO(1.0),03,A,TLOF,_T,2017,16.441734603000626,1,RT,0
CL01:DF_TLOF_SEXO(1.0),04,A,TLOF,M,2017,5.128890076131964,1,RT,0
CL01:DF_TLOF_SEXO(1.0),04,A,TLOF,F,2017,0,1,RT,0
CL01:DF_TLOF_SEXO(1.0),04,A,TLOF,_X,2017,NA,1,RT,0
CL01:DF_TLOF_SEXO(1.0),04,A,TLOF,_T,2017,2.995183370741926,1,RT,0
CL01:DF_TLOF_SEXO(1.0),05,A,TLOF,M,2017,11.103067413805276,1,RT,0
CL01:DF_TLOF_SEXO(1.0),05,A,TLOF,F,2017,0.5781210103628214,1,RT,0
CL01:DF_TLOF_SEXO(1.0),05,A,TLOF,_X,2017,NA,1,RT,0
CL01:DF_TLOF_SEXO(1.0),05,A,TLOF,_T,2017,6.909843244447797,1,RT,0
CL01:DF_TLOF_SEXO(1.0),06,A,TLOF,M,2017,9.63558006765556,1,RT,0
CL01:DF_TLOF_SEXO(1.0),06,A,TLOF,F,2017,1.1076445937713462,1,RT,0
CL01:DF_TLOF_SEXO(1.0),06,A,TLOF,_X,2017,NA,1,RT,0
CL01:DF_TLOF_SEXO(1.0),06,A,TLOF,_T,2017,6.367358374031365,1,RT,0
CL01:DF_TLOF_SEXO(1.0),07,A,TLOF,M,2017,11.810736422574283,1,RT,0
CL01:DF_TLOF_SEXO(1.0),07,A,TLOF,F,2017,1.091404191537798,1,RT,0
CL01:DF_TLOF_SEXO(1.0),07,A,TLOF,_X,2017,NA,1,RT,0
CL01:DF_TLOF_SEXO(1.0),07,A,TLOF,_T,2017,7.6413030827351704,1,RT,0
CL01:DF_TLOF_SEXO(1.0),08,A,TLOF,M,2017,11.29151395678173,1,RT,0
CL01:DF_TLOF_SEXO(1.0),08,A,TLOF,F,2017,1.7536868831041108,1,RT,0
CL01:DF_TLOF_SEXO(1.0),08,A,TLOF,_X,2017,NA,1,RT,0
CL01:DF_TLOF_SEXO(1.0),08,A,TLOF,_T,2017,7.555733552017135,1,RT,0
CL01:DF_TLOF_SEXO(1.0),09,A,TLOF,M,2017,7.043410889113256,1,RT,0
CL01:DF_TLOF_SEXO(1.0),09,A,TLOF,F,2017,0,1,RT,0
CL01:DF_TLOF_SEXO(1.0),09,A,TLOF,_X,2017,NA,1,RT,0
CL01:DF_TLOF_SEXO(1.0),09,A,TLOF,_T,2017,4.288162750070248,1,RT,0
CL01:DF_TLOF_SEXO(1.0),10,A,TLOF,M,2017,9.340011441514015,1,RT,0
CL01:DF_TLOF_SEXO(1.0),10,A,TLOF,F,2017,0,1,RT,0
CL01:DF_TLOF_SEXO(1.0),10,A,TLOF,_X,2017,NA,1,RT,0
CL01:DF_TLOF_SEXO(1.0),10,A,TLOF,_T,2017,5.769265440297117,1,RT,0
CL01:DF_TLOF_SEXO(1.0),11,A,TLOF,M,2017,36.90547584997924,1,RT,0
CL01:DF_TLOF_SEXO(1.0),11,A,TLOF,F,2017,0,1,RT,0
CL01:DF_TLOF_SEXO(1.0),11,A,TLOF,_X,2017,NA,1,RT,0
CL01:DF_TLOF_SEXO(1.0),11,A,TLOF,_T,2017,20.014009806864806,1,RT,0
CL01:DF_TLOF_SEXO(1.0),12,A,TLOF,M,2017,11.571097968629498,1,RT,0
CL01:DF_TLOF_SEXO(1.0),12,A,TLOF,F,2017,0,1,RT,0
CL01:DF_TLOF_SEXO(1.0),12,A,TLOF,_X,2017,NA,1,RT,0
CL01:DF_TLOF_SEXO(1.0),12,A,TLOF,_T,2017,6.727286997275448,1,RT,0
CL01:DF_TLOF_SEXO(1.0),13,A,TLOF,M,2017,2.675654487384739,1,RT,0
CL01:DF_TLOF_SEXO(1.0),13,A,TLOF,F,2017,0.27660644233692233,1,RT,0
CL01:DF_TLOF_SEXO(1.0),13,A,TLOF,_X,2017,NA,1,RT,0
CL01:DF_TLOF_SEXO(1.0),13,A,TLOF,_T,2017,1.6849104630726528,1,RT,0
CL01:DF_TLOF_SEXO(1.0),14,A,TLOF,M,2017,16.44073701475363,1,RT,0
CL01:DF_TLOF_SEXO(1.0),14,A,TLOF,F,2017,0,1,RT,0
CL01:DF_TLOF_SEXO(1.0),14,A,TLOF,_X,2017,NA,1,RT,0
CL01:DF_TLOF_SEXO(1.0),14,A,TLOF,_T,2017,9.903815091056153,1,RT,0
CL01:DF_TLOF_SEXO(1.0),15,A,TLOF,M,2017,23.174254947703503,1,RT,0
CL01:DF_TLOF_SEXO(1.0),15,A,TLOF,F,2017,0,1,RT,0
CL01:DF_TLOF_SEXO(1.0),15,A,TLOF,_X,2017,NA,1,RT,0
CL01:DF_TLOF_SEXO(1.0),15,A,TLOF,_T,2017,12.927161906239295,1,RT,0
CL01:DF_TLOF_SEXO(1.0),16,A,TLOF,M,2017,NA,1,RT,0
CL01:DF_TLOF_SEXO(1.0),16,A,TLOF,F,2017,NA,1,RT,0
CL01:DF_TLOF_SEXO(1.0),16,A,TLOF,_X,2017,NA,1,RT,0
CL01:DF_TLOF_SEXO(1.0),16,A,TLOF,_T,2017,NA,1,RT,0
CL01:DF_TLOF_SEXO(1.0),_X,A,TLOF,M,2017,NA,1,RT,0
CL01:DF_TLOF_SEXO(1.0),_X,A,TLOF,F,2017,NA,1,RT,0
CL01:DF_TLOF_SEXO(1.0),_X,A,TLOF,_X,2017,NA,1,RT,0
CL01:DF_TLOF_SEXO(1.0),_X,A,TLOF,_T,2017,NA,1,RT,0
CL01:DF_TLOF_SEXO(1.0),_T,A,TLOF,M,2017,6.087225030284678,1,RT,0
CL01:DF_TLOF_SEXO(1.0),_T,A,TLOF,F,2017,0.42643165544322365,1,RT,0
CL01:DF_TLOF_SEXO(1.0),_T,A,TLOF,_X,2017,NA,1,RT,0
CL01:DF_TLOF_SEXO(1.0),_T,A,TLOF,_T,2017,3.8029243168731925,1,RT,0
CL01:DF_TLOF_SEXO(1.0),01,A,TLOF,M,2018,0,1,RT,0
CL01:DF_TLOF_SEXO(1.0),01,A,TLOF,F,2018,3.6466405324095175,1,RT,0
CL01:DF_TLOF_SEXO(1.0),01,A,TLOF,_X,2018,NA,1,RT,0
CL01:DF_TLOF_SEXO(1.0),01,A,TLOF,_T,2018,1.4173524093219276,1,RT,0
CL01:DF_TLOF_SEXO(1.0),02,A,TLOF,M,2018,13.882507709749863,1,RT,0
CL01:DF_TLOF_SEXO(1.0),02,A,TLOF,F,2018,0,1,RT,0
CL01:DF_TLOF_SEXO(1.0),02,A,TLOF,_X,2018,NA,1,RT,0
CL01:DF_TLOF_SEXO(1.0),02,A,TLOF,_T,2018,9.365608260020526,1,RT,0
CL01:DF_TLOF_SEXO(1.0),03,A,TLOF,M,2018,25.806905693355308,1,RT,0
CL01:DF_TLOF_SEXO(1.0),03,A,TLOF,F,2018,0,1,RT,0
CL01:DF_TLOF_SEXO(1.0),03,A,TLOF,_X,2018,NA,1,RT,0
CL01:DF_TLOF_SEXO(1.0),03,A,TLOF,_T,2018,16.810489745601263,1,RT,0
CL01:DF_TLOF_SEXO(1.0),04,A,TLOF,M,2018,13.009450577392936,1,RT,0
CL01:DF_TLOF_SEXO(1.0),04,A,TLOF,F,2018,1.7033985640350124,1,RT,0
CL01:DF_TLOF_SEXO(1.0),04,A,TLOF,_X,2018,NA,1,RT,0
CL01:DF_TLOF_SEXO(1.0),04,A,TLOF,_T,2018,8.376373739835667,1,RT,0
CL01:DF_TLOF_SEXO(1.0),05,A,TLOF,M,2018,8.330111451458539,1,RT,0
CL01:DF_TLOF_SEXO(1.0),05,A,TLOF,F,2018,0.563410436051507,1,RT,0
CL01:DF_TLOF_SEXO(1.0),05,A,TLOF,_X,2018,NA,1,RT,0
CL01:DF_TLOF_SEXO(1.0),05,A,TLOF,_T,2018,5.291037368502565,1,RT,0
CL01:DF_TLOF_SEXO(1.0),06,A,TLOF,M,2018,8.2251410928049,1,RT,0
CL01:DF_TLOF_SEXO(1.0),06,A,TLOF,F,2018,1.0290827356792425,1,RT,0
CL01:DF_TLOF_SEXO(1.0),06,A,TLOF,_X,2018,NA,1,RT,0
CL01:DF_TLOF_SEXO(1.0),06,A,TLOF,_T,2018,5.485336357233851,1,RT,0
CL01:DF_TLOF_SEXO(1.0),07,A,TLOF,M,2018,6.326511245373739,1,RT,0
CL01:DF_TLOF_SEXO(1.0),07,A,TLOF,F,2018,0,1,RT,0
CL01:DF_TLOF_SEXO(1.0),07,A,TLOF,_X,2018,NA,1,RT,0
CL01:DF_TLOF_SEXO(1.0),07,A,TLOF,_T,2018,3.9040450787071808,1,RT,0
CL01:DF_TLOF_SEXO(1.0),08,A,TLOF,M,2018,8.054473812732226,1,RT,0
CL01:DF_TLOF_SEXO(1.0),08,A,TLOF,F,2018,1.176079138365223,1,RT,0
CL01:DF_TLOF_SEXO(1.0),08,A,TLOF,_X,2018,NA,1,RT,0
CL01:DF_TLOF_SEXO(1.0),08,A,TLOF,_T,2018,5.339136742836416,1,RT,0
CL01:DF_TLOF_SEXO(1.0),09,A,TLOF,M,2018,11.653047167789312,1,RT,0
CL01:DF_TLOF_SEXO(1.0),09,A,TLOF,F,2018,0,1,RT,0
CL01:DF_TLOF_SEXO(1.0),09,A,TLOF,_X,2018,NA,1,RT,0
CL01:DF_TLOF_SEXO(1.0),09,A,TLOF,_T,2018,7.06668298733928,1,RT,0
CL01:DF_TLOF_SEXO(1.0),10,A,TLOF,M,2018,7.8504606198295885,1,RT,0
CL01:DF_TLOF_SEXO(1.0),10,A,TLOF,F,2018,1.1625057035436084,1,RT,0
CL01:DF_TLOF_SEXO(1.0),10,A,TLOF,_X,2018,NA,1,RT,0
CL01:DF_TLOF_SEXO(1.0),10,A,TLOF,_T,2018,5.306441467186845,1,RT,0
CL01:DF_TLOF_SEXO(1.0),11,A,TLOF,M,2018,17.758703614636186,1,RT,0
CL01:DF_TLOF_SEXO(1.0),11,A,TLOF,F,2018,0,1,RT,0
CL01:DF_TLOF_SEXO(1.0),11,A,TLOF,_X,2018,NA,1,RT,0
CL01:DF_TLOF_SEXO(1.0),11,A,TLOF,_T,2018,9.474818695396438,1,RT,0
CL01:DF_TLOF_SEXO(1.0),12,A,TLOF,M,2018,28.76206283911528,1,RT,0
CL01:DF_TLOF_SEXO(1.0),12,A,TLOF,F,2018,0,1,RT,0
CL01:DF_TLOF_SEXO(1.0),12,A,TLOF,_X,2018,NA,1,RT,0
CL01:DF_TLOF_SEXO(1.0),12,A,TLOF,_T,2018,16.861214639749633,1,RT,0
CL01:DF_TLOF_SEXO(1.0),13,A,TLOF,M,2018,2.3876207016390234,1,RT,0
CL01:DF_TLOF_SEXO(1.0),13,A,TLOF,F,2018,0.3319807882717827,1,RT,0
CL01:DF_TLOF_SEXO(1.0),13,A,TLOF,_X,2018,NA,1,RT,0
CL01:DF_TLOF_SEXO(1.0),13,A,TLOF,_T,2018,1.537562268697841,1,RT,0
CL01:DF_TLOF_SEXO(1.0),14,A,TLOF,M,2018,11.057156283689782,1,RT,0
CL01:DF_TLOF_SEXO(1.0),14,A,TLOF,F,2018,0,1,RT,0
CL01:DF_TLOF_SEXO(1.0),14,A,TLOF,_X,2018,NA,1,RT,0
CL01:DF_TLOF_SEXO(1.0),14,A,TLOF,_T,2018,6.6609826281573055,1,RT,0
CL01:DF_TLOF_SEXO(1.0),15,A,TLOF,M,2018,4.5253988007693176,1,RT,0
CL01:DF_TLOF_SEXO(1.0),15,A,TLOF,F,2018,0,1,RT,0
CL01:DF_TLOF_SEXO(1.0),15,A,TLOF,_X,2018,NA,1,RT,0
CL01:DF_TLOF_SEXO(1.0),15,A,TLOF,_T,2018,2.5056429166518805,1,RT,0
CL01:DF_TLOF_SEXO(1.0),16,A,TLOF,M,2018,5.387036097631061,1,RT,0
CL01:DF_TLOF_SEXO(1.0),16,A,TLOF,F,2018,0,1,RT,0
CL01:DF_TLOF_SEXO(1.0),16,A,TLOF,_X,2018,NA,1,RT,0
CL01:DF_TLOF_SEXO(1.0),16,A,TLOF,_T,2018,3.1711719330142816,1,RT,0
CL01:DF_TLOF_SEXO(1.0),_X,A,TLOF,M,2018,NA,1,RT,0
CL01:DF_TLOF_SEXO(1.0),_X,A,TLOF,F,2018,NA,1,RT,0
CL01:DF_TLOF_SEXO(1.0),_X,A,TLOF,_X,2018,NA,1,RT,0
CL01:DF_TLOF_SEXO(1.0),_X,A,TLOF,_T,2018,NA,1,RT,0
CL01:DF_TLOF_SEXO(1.0),_T,A,TLOF,M,2018,5.3767301292273775,1,RT,0
CL01:DF_TLOF_SEXO(1.0),_T,A,TLOF,F,2018,0.48768830864817675,1,RT,0
CL01:DF_TLOF_SEXO(1.0),_T,A,TLOF,_X,2018,NA,1,RT,0
CL01:DF_TLOF_SEXO(1.0),_T,A,TLOF,_T,2018,3.4065265691671267,1,RT,0
CL01:DF_TLOF_SEXO(1.0),01,A,TLOF,M,2019,8.384601679016486,1,RT,0
CL01:DF_TLOF_SEXO(1.0),01,A,TLOF,F,2019,0,1,RT,0
CL01:DF_TLOF_SEXO(1.0),01,A,TLOF,_X,2019,0,1,RT,0
CL01:DF_TLOF_SEXO(1.0),01,A,TLOF,_T,2019,5.0934218456863,1,RT,0
CL01:DF_TLOF_SEXO(1.0),02,A,TLOF,M,2019,13.73294158845892,1,RT,0
CL01:DF_TLOF_SEXO(1.0),02,A,TLOF,F,2019,0,1,RT,0
CL01:DF_TLOF_SEXO(1.0),02,A,TLOF,_X,2019,0,1,RT,0
CL01:DF_TLOF_SEXO(1.0),02,A,TLOF,_T,2019,9.135428154679078,1,RT,0
CL01:DF_TLOF_SEXO(1.0),03,A,TLOF,M,2019,17.338660155036543,1,RT,0
CL01:DF_TLOF_SEXO(1.0),03,A,TLOF,F,2019,0,1,RT,0
CL01:DF_TLOF_SEXO(1.0),03,A,TLOF,_X,2019,0,1,RT,0
CL01:DF_TLOF_SEXO(1.0),03,A,TLOF,_T,2019,11.146084531440671,1,RT,0
CL01:DF_TLOF_SEXO(1.0),04,A,TLOF,M,2019,3.3408967523699484,1,RT,0
CL01:DF_TLOF_SEXO(1.0),04,A,TLOF,F,2019,0,1,RT,0
CL01:DF_TLOF_SEXO(1.0),04,A,TLOF,_X,2019,0,1,RT,0
CL01:DF_TLOF_SEXO(1.0),04,A,TLOF,_T,2019,1.9695669086498455,1,RT,0
CL01:DF_TLOF_SEXO(1.0),05,A,TLOF,M,2019,6.318929684169923,1,RT,0
CL01:DF_TLOF_SEXO(1.0),05,A,TLOF,F,2019,0,1,RT,0
CL01:DF_TLOF_SEXO(1.0),05,A,TLOF,_X,2019,0,1,RT,0
CL01:DF_TLOF_SEXO(1.0),05,A,TLOF,_T,2019,3.8254494399743413,1,RT,0
CL01:DF_TLOF_SEXO(1.0),06,A,TLOF,M,2019,7.803917566618443,1,RT,0
CL01:DF_TLOF_SEXO(1.0),06,A,TLOF,F,2019,0,1,RT,0
CL01:DF_TLOF_SEXO(1.0),06,A,TLOF,_X,2019,0,1,RT,0
CL01:DF_TLOF_SEXO(1.0),06,A,TLOF,_T,2019,4.813577250046528,1,RT,0
CL01:DF_TLOF_SEXO(1.0),07,A,TLOF,M,2019,9.654616163637717,1,RT,0
CL01:DF_TLOF_SEXO(1.0),07,A,TLOF,F,2019,1.884459101348566,1,RT,0
CL01:DF_TLOF_SEXO(1.0),07,A,TLOF,_X,2019,0,1,RT,0
CL01:DF_TLOF_SEXO(1.0),07,A,TLOF,_T,2019,6.620265552337046,1,RT,0
CL01:DF_TLOF_SEXO(1.0),08,A,TLOF,M,2019,7.6803285563710855,1,RT,0
CL01:DF_TLOF_SEXO(1.0),08,A,TLOF,F,2019,0,1,RT,0
CL01:DF_TLOF_SEXO(1.0),08,A,TLOF,_X,2019,0,1,RT,0
CL01:DF_TLOF_SEXO(1.0),08,A,TLOF,_T,2019,4.696796064084902,1,RT,0
CL01:DF_TLOF_SEXO(1.0),09,A,TLOF,M,2019,5.4940167541349165,1,RT,0
CL01:DF_TLOF_SEXO(1.0),09,A,TLOF,F,2019,0,1,RT,0
CL01:DF_TLOF_SEXO(1.0),09,A,TLOF,_X,2019,0,1,RT,0
CL01:DF_TLOF_SEXO(1.0),09,A,TLOF,_T,2019,3.2795640990803165,1,RT,0
CL01:DF_TLOF_SEXO(1.0),10,A,TLOF,M,2019,6.545259377720387,1,RT,0
CL01:DF_TLOF_SEXO(1.0),10,A,TLOF,F,2019,0,1,RT,0
CL01:DF_TLOF_SEXO(1.0),10,A,TLOF,_X,2019,0,1,RT,0
CL01:DF_TLOF_SEXO(1.0),10,A,TLOF,_T,2019,4.109055708180354,1,RT,0
CL01:DF_TLOF_SEXO(1.0),11,A,TLOF,M,2019,45.82163926914485,1,RT,0
CL01:DF_TLOF_SEXO(1.0),11,A,TLOF,F,2019,0,1,RT,0
CL01:DF_TLOF_SEXO(1.0),11,A,TLOF,_X,2019,0,1,RT,0
CL01:DF_TLOF_SEXO(1.0),11,A,TLOF,_T,2019,24.548830009580897,1,RT,0
CL01:DF_TLOF_SEXO(1.0),12,A,TLOF,M,2019,35.776526803936584,1,RT,0
CL01:DF_TLOF_SEXO(1.0),12,A,TLOF,F,2019,0,1,RT,0
CL01:DF_TLOF_SEXO(1.0),12,A,TLOF,_X,2019,0,1,RT,0
CL01:DF_TLOF_SEXO(1.0),12,A,TLOF,_T,2019,20.894308042250852,1,RT,0
CL01:DF_TLOF_SEXO(1.0),13,A,TLOF,M,2019,2.0195394096469252,1,RT,0
CL01:DF_TLOF_SEXO(1.0),13,A,TLOF,F,2019,0,1,RT,0
CL01:DF_TLOF_SEXO(1.0),13,A,TLOF,_X,2019,0,1,RT,0
CL01:DF_TLOF_SEXO(1.0),13,A,TLOF,_T,2019,1.1804878194828843,1,RT,0
CL01:DF_TLOF_SEXO(1.0),14,A,TLOF,M,2019,10.390959864917521,1,RT,0
CL01:DF_TLOF_SEXO(1.0),14,A,TLOF,F,2019,6.07970493165399,1,RT,0
CL01:DF_TLOF_SEXO(1.0),14,A,TLOF,_X,2019,0,1,RT,0
CL01:DF_TLOF_SEXO(1.0),14,A,TLOF,_T,2019,8.6381627861777055,1,RT,0
CL01:DF_TLOF_SEXO(1.0),15,A,TLOF,M,2019,33.40350388837667,1,RT,0
CL01:DF_TLOF_SEXO(1.0),15,A,TLOF,F,2019,0,1,RT,0
CL01:DF_TLOF_SEXO(1.0),15,A,TLOF,_X,2019,0,1,RT,0
CL01:DF_TLOF_SEXO(1.0),15,A,TLOF,_T,2019,18.282336406416352,1,RT,0
CL01:DF_TLOF_SEXO(1.0),16,A,TLOF,M,2019,5.162652226537186,1,RT,0
CL01:DF_TLOF_SEXO(1.0),16,A,TLOF,F,2019,0,1,RT,0
CL01:DF_TLOF_SEXO(1.0),16,A,TLOF,_X,2019,0,1,RT,0
CL01:DF_TLOF_SEXO(1.0),16,A,TLOF,_T,2019,3.024188467425292,1,RT,0
CL01:DF_TLOF_SEXO(1.0),_X,A,TLOF,M,2019,0,1,RT,0
CL01:DF_TLOF_SEXO(1.0),_X,A,TLOF,F,2019,0,1,RT,0
CL01:DF_TLOF_SEXO(1.0),_X,A,TLOF,_X,2019,0,1,RT,0
CL01:DF_TLOF_SEXO(1.0),_X,A,TLOF,_T,2019,0,1,RT,0
CL01:DF_TLOF_SEXO(1.0),_T,A,TLOF,M,2019,4.93753453849115,1,RT,0
CL01:DF_TLOF_SEXO(1.0),_T,A,TLOF,F,2019,0.15039171401812446,1,RT,0
CL01:DF_TLOF_SEXO(1.0),_T,A,TLOF,_X,2019,0,1,RT,0
CL01:DF_TLOF_SEXO(1.0),_T,A,TLOF,_T,2019,2.9983649018202945,1,RT,0
CL01:DF_TLOF_SEXO(1.0),01,A,TLOF,M,2020,10.521756361716948,1,RT,0
CL01:DF_TLOF_SEXO(1.0),01,A,TLOF,F,2020,6.4274408876295945,1,RT,0
CL01:DF_TLOF_SEXO(1.0),01,A,TLOF,_X,2020,0,1,RT,0
CL01:DF_TLOF_SEXO(1.0),01,A,TLOF,_T,2020,8.849566845308525,1,RT,0
CL01:DF_TLOF_SEXO(1.0),02,A,TLOF,M,2020,16.461658054780738,1,RT,0
CL01:DF_TLOF_SEXO(1.0),02,A,TLOF,F,2020,0,1,RT,0
CL01:DF_TLOF_SEXO(1.0),02,A,TLOF,_X,2020,0,1,RT,0
CL01:DF_TLOF_SEXO(1.0),02,A,TLOF,_T,2020,10.804121772456213,1,RT,0
CL01:DF_TLOF_SEXO(1.0),03,A,TLOF,M,2020,14.739143480297813,1,RT,0
CL01:DF_TLOF_SEXO(1.0),03,A,TLOF,F,2020,0,1,RT,0
CL01:DF_TLOF_SEXO(1.0),03,A,TLOF,_X,2020,0,1,RT,0
CL01:DF_TLOF_SEXO(1.0),03,A,TLOF,_T,2020,9.420895321516099,1,RT,0
CL01:DF_TLOF_SEXO(1.0),04,A,TLOF,M,2020,7.687344708773182,1,RT,0
CL01:DF_TLOF_SEXO(1.0),04,A,TLOF,F,2020,1.5613472865735845,1,RT,0
CL01:DF_TLOF_SEXO(1.0),04,A,TLOF,_X,2020,0,1,RT,0
CL01:DF_TLOF_SEXO(1.0),04,A,TLOF,_T,2020,5.132240736305482,1,RT,0
CL01:DF_TLOF_SEXO(1.0),05,A,TLOF,M,2020,4.423650765249057,1,RT,0
CL01:DF_TLOF_SEXO(1.0),05,A,TLOF,F,2020,0,1,RT,0
CL01:DF_TLOF_SEXO(1.0),05,A,TLOF,_X,2020,0,1,RT,0
CL01:DF_TLOF_SEXO(1.0),05,A,TLOF,_T,2020,2.6624486198617316,1,RT,0
CL01:DF_TLOF_SEXO(1.0),06,A,TLOF,M,2020,4.723907301192402,1,RT,0
CL01:DF_TLOF_SEXO(1.0),06,A,TLOF,F,2020,0,1,RT,0
CL01:DF_TLOF_SEXO(1.0),06,A,TLOF,_X,2020,0,1,RT,0
CL01:DF_TLOF_SEXO(1.0),06,A,TLOF,_T,2020,2.914385375857057,1,RT,0
CL01:DF_TLOF_SEXO(1.0),07,A,TLOF,M,2020,10.097920125451807,1,RT,0
CL01:DF_TLOF_SEXO(1.0),07,A,TLOF,F,2020,0,1,RT,0
CL01:DF_TLOF_SEXO(1.0),07,A,TLOF,_X,2020,0,1,RT,0
CL01:DF_TLOF_SEXO(1.0),07,A,TLOF,_T,2020,6.102031348288694,1,RT,0
CL01:DF_TLOF_SEXO(1.0),08,A,TLOF,M,2020,7.106864540200671,1,RT,0
CL01:DF_TLOF_SEXO(1.0),08,A,TLOF,F,2020,0,1,RT,0
CL01:DF_TLOF_SEXO(1.0),08,A,TLOF,_X,2020,0,1,RT,0
CL01:DF_TLOF_SEXO(1.0),08,A,TLOF,_T,2020,4.327900148931864,1,RT,0
CL01:DF_TLOF_SEXO(1.0),09,A,TLOF,M,2020,10.981985621443112,1,RT,0
CL01:DF_TLOF_SEXO(1.0),09,A,TLOF,F,2020,0,1,RT,0
CL01:DF_TLOF_SEXO(1.0),09,A,TLOF,_X,2020,0,1,RT,0
CL01:DF_TLOF_SEXO(1.0),09,A,TLOF,_T,2020,6.460224054413545,1,RT,0
CL01:DF_TLOF_SEXO(1.0),10,A,TLOF,M,2020,8.790675186644908,1,RT,0
CL01:DF_TLOF_SEXO(1.0),10,A,TLOF,F,2020,1.0569660669852252,1,RT,0
CL01:DF_TLOF_SEXO(1.0),10,A,TLOF,_X,2020,0,1,RT,0
CL01:DF_TLOF_SEXO(1.0),10,A,TLOF,_T,2020,5.890250882146886,1,RT,0
CL01:DF_TLOF_SEXO(1.0),11,A,TLOF,M,2020,14.088641033167042,1,RT,0
CL01:DF_TLOF_SEXO(1.0),11,A,TLOF,F,2020,0,1,RT,0
CL01:DF_TLOF_SEXO(1.0),11,A,TLOF,_X,2020,0,1,RT,0
CL01:DF_TLOF_SEXO(1.0),11,A,TLOF,_T,2020,7.599650416080861,1,RT,0
CL01:DF_TLOF_SEXO(1.0),12,A,TLOF,M,2020,16.816991888604264,1,RT,0
CL01:DF_TLOF_SEXO(1.0),12,A,TLOF,F,2020,0,1,RT,0
CL01:DF_TLOF_SEXO(1.0),12,A,TLOF,_X,2020,0,1,RT,0
CL01:DF_TLOF_SEXO(1.0),12,A,TLOF,_T,2020,9.737777871548985,1,RT,0
CL01:DF_TLOF_SEXO(1.0),13,A,TLOF,M,2020,1.4345180073663288,1,RT,0
CL01:DF_TLOF_SEXO(1.0),13,A,TLOF,F,2020,0,1,RT,0
CL01:DF_TLOF_SEXO(1.0),13,A,TLOF,_X,2020,0,1,RT,0
CL01:DF_TLOF_SEXO(1.0),13,A,TLOF,_T,2020,0.8330724738991792,1,RT,0
CL01:DF_TLOF_SEXO(1.0),14,A,TLOF,M,2020,6.128911437229736,1,RT,0
CL01:DF_TLOF_SEXO(1.0),14,A,TLOF,F,2020,0,1,RT,0
CL01:DF_TLOF_SEXO(1.0),14,A,TLOF,_X,2020,0,1,RT,0
CL01:DF_TLOF_SEXO(1.0),14,A,TLOF,_T,2020,3.605440609880311,1,RT,0
CL01:DF_TLOF_SEXO(1.0),15,A,TLOF,M,2020,8.095827612844042,1,RT,0
CL01:DF_TLOF_SEXO(1.0),15,A,TLOF,F,2020,4.981154631643632,1,RT,0
CL01:DF_TLOF_SEXO(1.0),15,A,TLOF,_X,2020,0,1,RT,0
CL01:DF_TLOF_SEXO(1.0),15,A,TLOF,_T,2020,6.666259284154858,1,RT,0
CL01:DF_TLOF_SEXO(1.0),16,A,TLOF,M,2020,3.389098118626907,1,RT,0
CL01:DF_TLOF_SEXO(1.0),16,A,TLOF,F,2020,0,1,RT,0
CL01:DF_TLOF_SEXO(1.0),16,A,TLOF,_X,2020,0,1,RT,0
CL01:DF_TLOF_SEXO(1.0),16,A,TLOF,_T,2020,1.9452824469059538,1,RT,0
CL01:DF_TLOF_SEXO(1.0),_X,A,TLOF,M,2020,0,1,RT,0
CL01:DF_TLOF_SEXO(1.0),_X,A,TLOF,F,2020,0,1,RT,0
CL01:DF_TLOF_SEXO(1.0),_X,A,TLOF,_X,2020,0,1,RT,0
CL01:DF_TLOF_SEXO(1.0),_X,A,TLOF,_T,2020,0,1,RT,0
CL01:DF_TLOF_SEXO(1.0),_T,A,TLOF,M,2020,4.329922295291809,1,RT,0
CL01:DF_TLOF_SEXO(1.0),_T,A,TLOF,F,2020,0.18800900500464326,1,RT,0
CL01:DF_TLOF_SEXO(1.0),_T,A,TLOF,_X,2020,0,1,RT,0
CL01:DF_TLOF_SEXO(1.0),_T,A,TLOF,_T,2020,2.6359653731157584,1,RT,0
CL01:DF_TLOF_SEXO(1.0),01,A,TLOF,M,2021,5.903400535502997,1,RT,0
CL01:DF_TLOF_SEXO(1.0),01,A,TLOF,F,2021,0,1,RT,0
CL01:DF_TLOF_SEXO(1.0),01,A,TLOF,_X,2021,0,1,RT,0
CL01:DF_TLOF_SEXO(1.0),01,A,TLOF,_T,2021,3.569374653926354,1,RT,0
CL01:DF_TLOF_SEXO(1.0),02,A,TLOF,M,2021,21.042832644749105,1,RT,0
CL01:DF_TLOF_SEXO(1.0),02,A,TLOF,F,2021,0,1,RT,0
CL01:DF_TLOF_SEXO(1.0),02,A,TLOF,_X,2021,0,1,RT,0
CL01:DF_TLOF_SEXO(1.0),02,A,TLOF,_T,2021,13.754803435262158,1,RT,0
CL01:DF_TLOF_SEXO(1.0),03,A,TLOF,M,2021,14.737462630005474,1,RT,0
CL01:DF_TLOF_SEXO(1.0),03,A,TLOF,F,2021,0,1,RT,0
CL01:DF_TLOF_SEXO(1.0),03,A,TLOF,_X,2021,0,1,RT,0
CL01:DF_TLOF_SEXO(1.0),03,A,TLOF,_T,2021,9.353151296930298,1,RT,0
CL01:DF_TLOF_SEXO(1.0),04,A,TLOF,M,2021,8.289532651691971,1,RT,0
CL01:DF_TLOF_SEXO(1.0),04,A,TLOF,F,2021,0,1,RT,0
CL01:DF_TLOF_SEXO(1.0),04,A,TLOF,_X,2021,0,1,RT,0
CL01:DF_TLOF_SEXO(1.0),04,A,TLOF,_T,2021,4.825177777643745,1,RT,0
CL01:DF_TLOF_SEXO(1.0),05,A,TLOF,M,2021,7.386445725204704,1,RT,0
CL01:DF_TLOF_SEXO(1.0),05,A,TLOF,F,2021,0.49879560345967744,1,RT,0
CL01:DF_TLOF_SEXO(1.0),05,A,TLOF,_X,2021,0,1,RT,0
CL01:DF_TLOF_SEXO(1.0),05,A,TLOF,_T,2021,4.59415393911248,1,RT,0
CL01:DF_TLOF_SEXO(1.0),06,A,TLOF,M,2021,3.5344883685418385,1,RT,0
CL01:DF_TLOF_SEXO(1.0),06,A,TLOF,F,2021,0.9457748138245974,1,RT,0
CL01:DF_TLOF_SEXO(1.0),06,A,TLOF,_X,2021,0,1,RT,0
CL01:DF_TLOF_SEXO(1.0),06,A,TLOF,_T,2021,2.5330747184668385,1,RT,0
CL01:DF_TLOF_SEXO(1.0),07,A,TLOF,M,2021,6.455484300702327,1,RT,0
CL01:DF_TLOF_SEXO(1.0),07,A,TLOF,F,2021,0.8852926334799968,1,RT,0
CL01:DF_TLOF_SEXO(1.0),07,A,TLOF,_X,2021,0,1,RT,0
CL01:DF_TLOF_SEXO(1.0),07,A,TLOF,_T,2021,4.220446679327274,1,RT,0
CL01:DF_TLOF_SEXO(1.0),08,A,TLOF,M,2021,3.042598398048173,1,RT,0
CL01:DF_TLOF_SEXO(1.0),08,A,TLOF,F,2021,0,1,RT,0
CL01:DF_TLOF_SEXO(1.0),08,A,TLOF,_X,2021,0,1,RT,0
CL01:DF_TLOF_SEXO(1.0),08,A,TLOF,_T,2021,1.8545488896757842,1,RT,0
CL01:DF_TLOF_SEXO(1.0),09,A,TLOF,M,2021,10.593594824083072,1,RT,0
CL01:DF_TLOF_SEXO(1.0),09,A,TLOF,F,2021,0,1,RT,0
CL01:DF_TLOF_SEXO(1.0),09,A,TLOF,_X,2021,0,1,RT,0
CL01:DF_TLOF_SEXO(1.0),09,A,TLOF,_T,2021,6.168385920659135,1,RT,0
CL01:DF_TLOF_SEXO(1.0),10,A,TLOF,M,2021,10.966671125050038,1,RT,0
CL01:DF_TLOF_SEXO(1.0),10,A,TLOF,F,2021,1.9944835390053588,1,RT,0
CL01:DF_TLOF_SEXO(1.0),10,A,TLOF,_X,2021,0,1,RT,0
CL01:DF_TLOF_SEXO(1.0),10,A,TLOF,_T,2021,7.536835991500805,1,RT,0
CL01:DF_TLOF_SEXO(1.0),11,A,TLOF,M,2021,30.91568313507972,1,RT,0
CL01:DF_TLOF_SEXO(1.0),11,A,TLOF,F,2021,0,1,RT,0
CL01:DF_TLOF_SEXO(1.0),11,A,TLOF,_X,2021,0,1,RT,0
CL01:DF_TLOF_SEXO(1.0),11,A,TLOF,_T,2021,16.726544920614657,1,RT,0
CL01:DF_TLOF_SEXO(1.0),12,A,TLOF,M,2021,13.45529029755967,1,RT,0
CL01:DF_TLOF_SEXO(1.0),12,A,TLOF,F,2021,0,1,RT,0
CL01:DF_TLOF_SEXO(1.0),12,A,TLOF,_X,2021,0,1,RT,0
CL01:DF_TLOF_SEXO(1.0),12,A,TLOF,_T,2021,7.837400273099724,1,RT,0
CL01:DF_TLOF_SEXO(1.0),13,A,TLOF,M,2021,1.8977412889092224,1,RT,0
CL01:DF_TLOF_SEXO(1.0),13,A,TLOF,F,2021,0.05957598283615934,1,RT,0
CL01:DF_TLOF_SEXO(1.0),13,A,TLOF,_X,2021,0,1,RT,0
CL01:DF_TLOF_SEXO(1.0),13,A,TLOF,_T,2021,1.1214361460177147,1,RT,0
CL01:DF_TLOF_SEXO(1.0),14,A,TLOF,M,2021,27.72702741509836,1,RT,0
CL01:DF_TLOF_SEXO(1.0),14,A,TLOF,F,2021,0,1,RT,0
CL01:DF_TLOF_SEXO(1.0),14,A,TLOF,_X,2021,0,1,RT,0
CL01:DF_TLOF_SEXO(1.0),14,A,TLOF,_T,2021,16.12565774821207,1,RT,0
CL01:DF_TLOF_SEXO(1.0),15,A,TLOF,M,2021,0,1,RT,0
CL01:DF_TLOF_SEXO(1.0),15,A,TLOF,F,2021,0,1,RT,0
CL01:DF_TLOF_SEXO(1.0),15,A,TLOF,_X,2021,0,1,RT,0
CL01:DF_TLOF_SEXO(1.0),15,A,TLOF,_T,2021,0,1,RT,0
CL01:DF_TLOF_SEXO(1.0),16,A,TLOF,M,2021,14.697496622095528,1,RT,0
CL01:DF_TLOF_SEXO(1.0),16,A,TLOF,F,2021,0,1,RT,0
CL01:DF_TLOF_SEXO(1.0),16,A,TLOF,_X,2021,0,1,RT,0
CL01:DF_TLOF_SEXO(1.0),16,A,TLOF,_T,2021,8.413954280237704,1,RT,0
CL01:DF_TLOF_SEXO(1.0),_X,A,TLOF,M,2021,0,1,RT,0
CL01:DF_TLOF_SEXO(1.0),_X,A,TLOF,F,2021,0,1,RT,0
CL01:DF_TLOF_SEXO(1.0),_X,A,TLOF,_X,2021,0,1,RT,0
CL01:DF_TLOF_SEXO(1.0),_X,A,TLOF,_T,2021,0,1,RT,0
CL01:DF_TLOF_SEXO(1.0),_T,A,TLOF,M,2021,4.885592388047647,1,RT,0
CL01:DF_TLOF_SEXO(1.0),_T,A,TLOF,F,2021,0.21552082178089343,1,RT,0
CL01:DF_TLOF_SEXO(1.0),_T,A,TLOF,_X,2021,0,1,RT,0
CL01:DF_TLOF_SEXO(1.0),_T,A,TLOF,_T,2021,2.959660992810954,1,RT,0
CL01:DF_TLOF_SEXO(1.0),01,A,TLOF,M,2022,5.882420073574676,1,RT,0
CL01:DF_TLOF_SEXO(1.0),01,A,TLOF,F,2022,0,1,RT,0
CL01:DF_TLOF_SEXO(1.0),01,A,TLOF,_X,2022,0,1,RT,0
CL01:DF_TLOF_SEXO(1.0),01,A,TLOF,_T,2022,3.402730123802664,1,RT,0
CL01:DF_TLOF_SEXO(1.0),02,A,TLOF,M,2022,11.90315903331204,1,RT,0
CL01:DF_TLOF_SEXO(1.0),02,A,TLOF,F,2022,1.507408914816322,1,RT,0
CL01:DF_TLOF_SEXO(1.0),02,A,TLOF,_X,2022,0,1,RT,0
CL01:DF_TLOF_SEXO(1.0),02,A,TLOF,_T,2022,8.080202065653157,1,RT,0
CL01:DF_TLOF_SEXO(1.0),03,A,TLOF,M,2022,13.208066030306174,1,RT,0
CL01:DF_TLOF_SEXO(1.0),03,A,TLOF,F,2022,0,1,RT,0
CL01:DF_TLOF_SEXO(1.0),03,A,TLOF,_X,2022,0,1,RT,0
CL01:DF_TLOF_SEXO(1.0),03,A,TLOF,_T,2022,8.353031166781413,1,RT,0
CL01:DF_TLOF_SEXO(1.0),04,A,TLOF,M,2022,8.109608325716716,1,RT,0
CL01:DF_TLOF_SEXO(1.0),04,A,TLOF,F,2022,0,1,RT,0
CL01:DF_TLOF_SEXO(1.0),04,A,TLOF,_X,2022,0,1,RT,0
CL01:DF_TLOF_SEXO(1.0),04,A,TLOF,_T,2022,4.562234446990801,1,RT,0
CL01:DF_TLOF_SEXO(1.0),05,A,TLOF,M,2022,5.569663435681701,1,RT,0
CL01:DF_TLOF_SEXO(1.0),05,A,TLOF,F,2022,1.8408910660621738,1,RT,0
CL01:DF_TLOF_SEXO(1.0),05,A,TLOF,_X,2022,0,1,RT,0
CL01:DF_TLOF_SEXO(1.0),05,A,TLOF,_T,2022,3.992391167832639,1,RT,0
CL01:DF_TLOF_SEXO(1.0),06,A,TLOF,M,2022,7.607700162980345,1,RT,0
CL01:DF_TLOF_SEXO(1.0),06,A,TLOF,F,2022,0.847522885931961,1,RT,0
CL01:DF_TLOF_SEXO(1.0),06,A,TLOF,_X,2022,0,1,RT,0
CL01:DF_TLOF_SEXO(1.0),06,A,TLOF,_T,2022,4.82576822352269,1,RT,0
CL01:DF_TLOF_SEXO(1.0),07,A,TLOF,M,2022,9.924192124697473,1,RT,0
CL01:DF_TLOF_SEXO(1.0),07,A,TLOF,F,2022,0.7976882993086036,1,RT,0
CL01:DF_TLOF_SEXO(1.0),07,A,TLOF,_X,2022,0,1,RT,0
CL01:DF_TLOF_SEXO(1.0),07,A,TLOF,_T,2022,6.039303915702222,1,RT,0
CL01:DF_TLOF_SEXO(1.0),08,A,TLOF,M,2022,6.547980726655341,1,RT,0
CL01:DF_TLOF_SEXO(1.0),08,A,TLOF,F,2022,0,1,RT,0
CL01:DF_TLOF_SEXO(1.0),08,A,TLOF,_X,2022,0,1,RT,0
CL01:DF_TLOF_SEXO(1.0),08,A,TLOF,_T,2022,3.8386119579160174,1,RT,0
CL01:DF_TLOF_SEXO(1.0),09,A,TLOF,M,2022,5.986343653540361,1,RT,0
CL01:DF_TLOF_SEXO(1.0),09,A,TLOF,F,2022,0.9576556828298246,1,RT,0
CL01:DF_TLOF_SEXO(1.0),09,A,TLOF,_X,2022,0,1,RT,0
CL01:DF_TLOF_SEXO(1.0),09,A,TLOF,_T,2022,3.757904566317262,1,RT,0
CL01:DF_TLOF_SEXO(1.0),10,A,TLOF,M,2022,8.5200817661597,1,RT,0
CL01:DF_TLOF_SEXO(1.0),10,A,TLOF,F,2022,0,1,RT,0
CL01:DF_TLOF_SEXO(1.0),10,A,TLOF,_X,2022,0,1,RT,0
CL01:DF_TLOF_SEXO(1.0),10,A,TLOF,_T,2022,5.053155701375192,1,RT,0
CL01:DF_TLOF_SEXO(1.0),11,A,TLOF,M,2022,7.634267872592717,1,RT,0
CL01:DF_TLOF_SEXO(1.0),11,A,TLOF,F,2022,0,1,RT,0
CL01:DF_TLOF_SEXO(1.0),11,A,TLOF,_X,2022,0,1,RT,0
CL01:DF_TLOF_SEXO(1.0),11,A,TLOF,_T,2022,3.993650096346809,1,RT,0
CL01:DF_TLOF_SEXO(1.0),12,A,TLOF,M,2022,16.30275333762257,1,RT,0
CL01:DF_TLOF_SEXO(1.0),12,A,TLOF,F,2022,4.26854874094903,1,RT,0
CL01:DF_TLOF_SEXO(1.0),12,A,TLOF,_X,2022,0,1,RT,0
CL01:DF_TLOF_SEXO(1.0),12,A,TLOF,_T,2022,11.027958675309542,1,RT,0
CL01:DF_TLOF_SEXO(1.0),13,A,TLOF,M,2022,1.6051764405719329,1,RT,0
CL01:DF_TLOF_SEXO(1.0),13,A,TLOF,F,2022,0.05578717694081672,1,RT,0
CL01:DF_TLOF_SEXO(1.0),13,A,TLOF,_X,2022,0,1,RT,0
CL01:DF_TLOF_SEXO(1.0),13,A,TLOF,_T,2022,0.932308932995734,1,RT,0
CL01:DF_TLOF_SEXO(1.0),14,A,TLOF,M,2022,15.739563105695547,1,RT,0
CL01:DF_TLOF_SEXO(1.0),14,A,TLOF,F,2022,0,1,RT,0
CL01:DF_TLOF_SEXO(1.0),14,A,TLOF,_X,2022,0,1,RT,0
CL01:DF_TLOF_SEXO(1.0),14,A,TLOF,_T,2022,8.721381582673546,1,RT,0
CL01:DF_TLOF_SEXO(1.0),15,A,TLOF,M,2022,11.58509869697055,1,RT,0
CL01:DF_TLOF_SEXO(1.0),15,A,TLOF,F,2022,0,1,RT,0
CL01:DF_TLOF_SEXO(1.0),15,A,TLOF,_X,2022,0,1,RT,0
CL01:DF_TLOF_SEXO(1.0),15,A,TLOF,_T,2022,6.129360145878772,1,RT,0
CL01:DF_TLOF_SEXO(1.0),16,A,TLOF,M,2022,5.767428447840818,1,RT,0
CL01:DF_TLOF_SEXO(1.0),16,A,TLOF,F,2022,0,1,RT,0
CL01:DF_TLOF_SEXO(1.0),16,A,TLOF,_X,2022,0,1,RT,0
CL01:DF_TLOF_SEXO(1.0),16,A,TLOF,_T,2022,3.1509323682727697,1,RT,0
CL01:DF_TLOF_SEXO(1.0),_X,A,TLOF,M,2022,0,1,RT,0
CL01:DF_TLOF_SEXO(1.0),_X,A,TLOF,F,2022,0,1,RT,0
CL01:DF_TLOF_SEXO(1.0),_X,A,TLOF,_X,2022,0,1,RT,0
CL01:DF_TLOF_SEXO(1.0),_X,A,TLOF,_T,2022,0,1,RT,0
CL01:DF_TLOF_SEXO(1.0),_T,A,TLOF,M,2022,4.308702989722587,1,RT,0
CL01:DF_TLOF_SEXO(1.0),_T,A,TLOF,F,2022,0.3303796020329909,1,RT,0
CL01:DF_TLOF_SEXO(1.0),_T,A,TLOF,_X,2022,0,1,RT,0
CL01:DF_TLOF_SEXO(1.0),_T,A,TLOF,_T,2022,2.6048468259523534,1,RT,0
